model,multi_fidelity,rmse_rel,nlpd,coverage_95,fit_time_s,predict_time_s,rhos,lf_lengthscales,hf_lengthscales,prior,group,n_hf,seed
mfego MF,True,1.0012643005229802,0.505302418802407,0.9365,0.08964639999976498,0.003428600000916049,[1.0000000021570263],"[0.100000372629313, 0.09999910250529775, 0.09999922730350543, 0.09999977608958212, 0.09999907846422963, 0.10000079972119466]","[0.09999635684667804, 0.09999647624380317, 0.09999314768977974, 0.10000157570283032, 0.10000342158252709, 0.10000119887744166]","IG(3, 0.4)",mode,5,0
mfego MF,True,1.0238381013276918,4.753754080353339,0.8065,0.07992390000072191,0.0035256999981356785,[1.0000000013388621],"[0.09999675016323238, 0.09999836190767455, 0.09999698494780168, 0.09999804140274571, 0.09999729896984032, 0.0999985931207235]","[0.09999961694094506, 0.09999959861922074, 0.10000059747272916, 0.09999902518503719, 0.10000048019870203, 0.09999947517131776]","IG(3, 0.4)",mode,5,1
mfego MF,True,1.0670163331873344,3.471290854330956,0.8,0.08738750000338769,0.0026013999995484482,[1.0000006936579635],"[0.09999991372839354, 0.10000002415079458, 0.1000005479594811, 0.10000001861978484, 0.09999948547104667, 0.09999982217702098]","[0.10000101307493693, 0.10000390650947781, 0.1000045695329855, 0.09999977858375822, 0.10000278704323688, 0.10000282504389894]","IG(3, 0.4)",mode,5,2
mfego MF,True,1.028672710241867,1.010952196118918,0.912,0.0949986000014178,0.0033677999999781605,[0.9999999999495566],"[0.10000002212101128, 0.09999987437972077, 0.10000000893552922, 0.10000020915615342, 0.10000002391216561, 0.09999997879344474]","[0.10000006909576427, 0.09999853113610005, 0.10000132745984054, 0.09999945548448187, 0.09999855694657042, 0.09999894604448997]","IG(3, 0.4)",mode,5,3
mfego MF,True,1.309635610116004,1.0538708955052356,0.9985,0.07769080000070971,0.003518200002872618,[0.9999999286066895],"[0.10000187306101457, 0.10000074208615926, 0.1000280096385833, 0.10000154784840411, 0.10000490148797882, 0.10000118995546345]","[0.099999387072609, 0.09999959001422438, 0.0999995783800681, 0.10000083668332434, 0.09999985798973716, 0.09999937905123679]","IG(3, 0.4)",mode,5,4
mfego MF,True,1.0225283553946467,1.9698580988756726,0.8475,0.08079419999921811,0.0034229000011691824,[1.0000000122986235],"[0.10000095185098136, 0.09999934868114241, 0.10000027948954748, 0.09999924784927601, 0.10000002850118225, 0.10000062141066231]","[0.09999975614977671, 0.09999962869009578, 0.09999975569365052, 0.09999971278072113, 0.09999976244236775, 0.09999959542141376]","IG(3, 0.4)",mode,5,5
mfego MF,True,1.0052200762888777,0.510980667502391,0.9625,0.08742749999873922,0.0027421999984653667,[1.0000000301267398],"[0.09999947894775808, 0.0999976648796687, 0.09999987611635845, 0.099999944022867, 0.10000057904869226, 0.0999994489706295]","[0.10000033527835436, 0.09998577773952413, 0.10001230711504745, 0.09998624548956275, 0.10000359837391727, 0.10001069393006337]","IG(3, 0.4)",mode,5,6
mfego MF,True,1.0613788802590745,17.767433211599492,0.699,0.07961900000009337,0.0035346999975445215,[0.9999999998700084],"[0.09999994724038305, 0.09999993448636782, 0.09999860971640874, 0.09999858012472732, 0.09999865528585929, 0.09999827250195645]","[0.10000025773485761, 0.09999928397725456, 0.10000003517397986, 0.09999910787001944, 0.09999932079079225, 0.09999984070712215]","IG(3, 0.4)",mode,5,7
mfego MF,True,1.01519570767513,0.7567209036074678,0.8945,0.09039589999883901,0.003501200000755489,[1.0000000011603243],"[0.10000044959307525, 0.10000046787629803, 0.10000038528111535, 0.0999992854375913, 0.0999997977005951, 0.10000032156040091]","[0.09999492792908414, 0.09999481309337656, 0.0999919149629846, 0.09999559095231658, 0.10000007171582961, 0.0999958430242242]","IG(3, 0.4)",mode,5,8
mfego MF,True,1.0458891383591955,7.014107325499908,0.766,0.09045159999732277,0.0027050999997300096,[1.0000000060433318],"[0.1000005049502922, 0.0999999281247741, 0.09999990965321255, 0.09999991609822967, 0.10000019056247239, 0.09999997752757729]","[0.10000201082056413, 0.09999982660313383, 0.10000058148574018, 0.09999909426197899, 0.10000006777077622, 0.10000267529589452]","IG(3, 0.4)",mode,5,9
mfego MF,True,1.0257993795425941,0.716322244845651,0.896,0.12998549999974784,0.006465099999331869,[0.9999999356202651],"[0.09966224435147644, 0.09990996595989168, 0.0999923247813996, 0.09974745424989755, 0.09998661490792271, 0.09988952134754935]","[0.0999979647430568, 0.09999952851961219, 0.0999968439922942, 0.09999930476681333, 0.10000040128060711, 0.09999894311556164]","IG(3, 0.4)",mode,10,0
mfego MF,True,0.9992453378140695,0.5938174193131979,0.9155,0.14317400000072666,0.0062670000006619375,[1.0000000077036237],"[0.10000062056758187, 0.10000625062988916, 0.10000374501957054, 0.10000719065084243, 0.1000050518127267, 0.10000091535726739]","[0.09999878710589642, 0.09999892188262391, 0.10000024507014185, 0.09999834767291917, 0.09999812239618076, 0.09999869508848444]","IG(3, 0.4)",mode,10,1
mfego MF,True,0.9991039667311917,0.6807536741465419,0.909,0.12584939999942435,0.0061614999976882245,[1.000126207195872],"[0.10000040094052072, 0.10000093551937793, 0.10000047086086242, 0.10000178333563942, 0.09999919124749822, 0.09999967263703728]","[0.1000011967068927, 0.1000037130347245, 0.10000141877158338, 0.10000123281945654, 0.10000087175937764, 0.10000077788195455]","IG(3, 0.4)",mode,10,2
mfego MF,True,1.0230201687422766,0.8195317504031423,0.887,0.140978700001142,0.007413499999529449,[0.9999997746884125],"[0.10002209186368242, 0.10003706934556177, 0.10000501210938208, 0.10009110291831944, 0.10001115108228749, 0.10000279834664362]","[0.09999847262405742, 0.0999977195873139, 0.09999876298480553, 0.10000105613727499, 0.10000116288634865, 0.1000011930303439]","IG(3, 0.4)",mode,10,3
mfego MF,True,1.0151537334794205,0.502089670154207,0.9585,0.1315802999997686,0.006621500000619562,[0.9999999207901628],"[0.10049011772236721, 0.10069719732936945, 0.10002082848103049, 0.10001042998454282, 0.10018692889802598, 0.10005781358297675]","[0.10000413891068957, 0.09999480650564267, 0.09999764259652963, 0.10000819092975514, 0.10000106584624043, 0.09999890766599125]","IG(3, 0.4)",mode,10,4
mfego MF,True,0.9957213933173942,0.5808314895676019,0.9715,0.13359629999831668,0.006386600001860643,[1.0000004191500083],"[0.10000576312216679, 0.10004132222562384, 0.10000814931704419, 0.10005969270467421, 0.10000900461440873, 0.10004238157423934]","[0.10000019893596705, 0.09999966479863076, 0.09999996306172339, 0.09999964389663156, 0.09999967268798277, 0.09999977189512615]","IG(3, 0.4)",mode,10,5
mfego MF,True,1.0067275714013102,0.5042506257521645,0.941,0.13183489999937592,0.00653260000035516,[1.0000023465612249],"[0.10001056958567921, 0.1000167490798304, 0.10003052845334588, 0.10001592028118264, 0.10002855885102407, 0.09999490013108457]","[0.10000118934725025, 0.10000149053644525, 0.10000124095662953, 0.09999894128903782, 0.09999905149965382, 0.10000117771601766]","IG(3, 0.4)",mode,10,6
mfego MF,True,1.0552414761855182,0.7291839224135267,0.9855,0.13297030000103405,0.006150899997010129,[1.0000000955852002],"[0.10004194872145178, 0.10001740140114938, 0.10000393853399482, 0.10002853232477109, 0.10006631411488698, 0.10001425795168725]","[0.10000012732705436, 0.10000002701735598, 0.1000000067642264, 0.09999996311416129, 0.09999996559156797, 0.09999992696690403]","IG(3, 0.4)",mode,10,7
mfego MF,True,1.0269308850781176,2.8979223335242223,0.826,0.1324505999982648,0.007006800002272939,[1.0000001666532878],"[0.10001128172505869, 0.10000978571018332, 0.10003313912363593, 0.10001923201725321, 0.10000752625399155, 0.10004866692656991]","[0.10000003314442925, 0.10000003088193682, 0.10000010340626424, 0.10000002208871812, 0.09999995237788473, 0.10000001466175641]","IG(3, 0.4)",mode,10,8
mfego MF,True,0.999319347612114,0.6510072080638806,0.911,0.1352164999989327,0.0067466000000422355,[1.0000000136270304],"[0.1000000558681545, 0.1000001033472866, 0.10000013948360924, 0.10000046296969636, 0.10000015213088141, 0.10000020624819922]","[0.09999861158055336, 0.09999846536897387, 0.09999551234150754, 0.09999825488484775, 0.09999905815958335, 0.09999811801389717]","IG(3, 0.4)",mode,10,9
mfego MF,True,1.0263360767212963,0.9653905496587342,0.8785,0.17595019999862416,0.013170099999115337,[0.9999920843700738],"[0.10001884450733503, 0.10000763328883372, 0.10003547095715613, 0.10003513724774726, 0.10005764874027394, 0.10027063955753941]","[0.10000229232635935, 0.10000360910950243, 0.10000487488953648, 0.10000016294772336, 0.09999954087801968, 0.10000274281939912]","IG(3, 0.4)",mode,20,0
mfego MF,True,1.0021657169700005,0.5604370840653039,0.9155,0.185041499997169,0.013798199997836491,[1.0000086666899488],"[0.10029437746165767, 0.10024581600781628, 0.10078487609285497, 0.10006914695421947, 0.1001763147446113, 0.10016096011919079]","[0.1001208961004432, 0.10026399303491798, 0.10009861768265517, 0.10003199161415864, 0.10004181241498765, 0.10005905912091952]","IG(3, 0.4)",mode,20,1
mfego MF,True,1.0085626711470672,1.137499370239824,0.877,0.18611949999831268,0.013283399999636458,[1.0000451049268404],"[0.10311099083862117, 0.10630836937607477, 0.10268855807272131, 0.10544016428603183, 0.10789119948320919, 0.10300440520883129]","[0.09999992628487717, 0.09999717464963344, 0.09999908150128423, 0.09999553994970362, 0.10000008978053958, 0.09999717242493501]","IG(3, 0.4)",mode,20,2
mfego MF,True,1.0329397614661027,0.8082541678208879,0.887,0.17209169999841833,0.01362879999942379,[1.0003799519507774],"[0.10026737066326764, 0.10011209667191219, 0.10005615891421125, 0.10016100118252819, 0.10004532510757268, 0.10041566344272299]","[0.10007481032940416, 0.10043039265772415, 0.10000868388168128, 0.1003330602997371, 0.1018861085104214, 0.10059386897760911]","IG(3, 0.4)",mode,20,3
mfego MF,True,1.0126262848398133,0.8235134388179984,0.8895,0.17930650000198511,0.0140596999990521,[1.000003138666084],"[0.10015030194065502, 0.10002430444711119, 0.10000102321015988, 0.10013527704743284, 0.10072783308527533, 0.10037350913373536]","[0.10000220835740543, 0.10000355585373366, 0.10000028006756904, 0.1000003340329553, 0.100002001003343, 0.1000005000135715]","IG(3, 0.4)",mode,20,4
mfego MF,True,1.029406051530961,1.0616000876078693,0.8705,0.17416530000264174,0.014598600002500461,[1.0000041347446174],"[0.09989297568904375, 0.09979225858605621, 0.09994912963236412, 0.09995854026284272, 0.09971523941489847, 0.09980779887960531]","[0.10000558962401536, 0.10002461819432264, 0.10001819065220262, 0.10003014519832241, 0.09999351110527624, 0.1000321247450175]","IG(3, 0.4)",mode,20,5
mfego MF,True,1.0338020672770512,2.9197465780031773,0.8225,0.1726249999992433,0.01373539999985951,[0.9999998364658629],"[0.1000486613949008, 0.10016490568172075, 0.10012259426815938, 0.10039642172213706, 0.10011858756204847, 0.10024929848690617]","[0.10000950534434716, 0.10000498297286532, 0.10000267827773712, 0.10001202149952866, 0.10000567883270735, 0.100003061664581]","IG(3, 0.4)",mode,20,6
mfego MF,True,0.9984134857955151,0.5258563787423376,0.927,0.18853149999995367,0.014433399999688845,[0.9999946038671729],"[0.09996954010559023, 0.10011451337266024, 0.10011095707568507, 0.10000518042276352, 0.10018360816333861, 0.10012080015349004]","[0.10001018616757314, 0.10000301639552313, 0.10000525316100439, 0.10001396168405507, 0.10000654400826789, 0.10001666746460536]","IG(3, 0.4)",mode,20,7
mfego MF,True,1.0163135043423128,0.5036645282828334,0.9595,0.17339009999705013,0.013269700000819284,[0.9999617544984838],"[0.1245259609408077, 0.10233550209690107, 0.11028428739677554, 0.10719063173575168, 0.10178882937343589, 0.111821015139359]","[0.09994787222452471, 0.0996400397218154, 0.09985215560624361, 0.09998602678833954, 0.09996849845919309, 0.10000007680703725]","IG(3, 0.4)",mode,20,8
mfego MF,True,1.003889066842648,0.6528039568432354,0.906,0.1698666999982379,0.014267200000176672,[1.0000008838531886],"[0.09999278025667267, 0.10010228291829736, 0.10002162933378014, 0.09990289101199044, 0.10020762889855084, 0.10004744598432021]","[0.09999392505210543, 0.09999919703040192, 0.09998970292905332, 0.0999993283947357, 0.10000025845221884, 0.10000008555921348]","IG(3, 0.4)",mode,20,9
mfego MF,True,0.782105770466577,0.24299008650158715,0.9465,0.3717395999992732,0.041753800000151386,[0.9332925236689251],"[0.10347450813882056, 0.10128347484190307, 0.10148726234871618, 0.100756473865625, 0.10127239896239437, 0.10036699902407997]","[0.3364233685079466, 0.23635523970162634, 0.2893475007074944, 0.33828386762927704, 0.2879483127717283, 0.3650864431032888]","IG(3, 0.4)",mode,40,0
mfego MF,True,1.0170273069127849,0.5799207994763498,0.977,0.36094690000027185,0.04131240000060643,[1.0002872629255493],"[0.14558019834097483, 0.1746123392931281, 0.2633520420886768, 0.1399323609273669, 0.1272007844561868, 0.15408268996467944]","[0.1006147080777831, 0.10025879036238446, 0.10038963354479391, 0.10009344848490469, 0.10004610206685893, 0.10042145114717274]","IG(3, 0.4)",mode,40,1
mfego MF,True,1.0276583288988745,1.4537587154671296,0.856,0.319631099999242,0.03105869999853894,[0.9997406896903859],"[0.101162383248452, 0.09929382817257147, 0.10018703468575618, 0.10107608273279096, 0.1001662562065848, 0.10085735893996148]","[0.10670504184662545, 0.1051672428047323, 0.10190555075926234, 0.10252601584992324, 0.10268929139911841, 0.10807673635217863]","IG(3, 0.4)",mode,40,2
mfego MF,True,0.9931109222961896,0.511146734503833,0.9635,0.31736889999956475,0.03071990000171354,[1.000132338034827],"[0.10090857326078598, 0.10072611198645706, 0.10363393034297329, 0.10218737001079624, 0.10066074658530325, 0.10102481042483868]","[0.10014557236794533, 0.10005827851326177, 0.10032258725531708, 0.10088803817959631, 0.10010930894958371, 0.10011189018148249]","IG(3, 0.4)",mode,40,3
mfego MF,True,0.9952315094195601,0.5195521606778278,0.926,0.332170199999382,0.03829270000278484,[0.999966499734948],"[0.10074766286484792, 0.10056291474068678, 0.10055277218602887, 0.10038682666561762, 0.1023200631457595, 0.09987502839416772]","[0.10017411225685444, 0.10010513187234098, 0.10098266852582644, 0.10009607898292812, 0.10018277864145113, 0.10084690467374177]","IG(3, 0.4)",mode,40,4
mfego MF,True,0.9361068436153751,0.4854816949258811,0.922,0.27274689999831025,0.033900800000992604,[1.0004912197519096],"[0.7937164692270157, 0.1832861977224965, 0.3104289696442811, 0.42970959719002455, 0.30557017959989696, 0.2523389067077856]","[0.10032453829335261, 0.10040371680668664, 0.10075028046540069, 0.1003286562812498, 0.1001914571345602, 0.1002549188794406]","IG(3, 0.4)",mode,40,5
mfego MF,True,0.9967828046187472,0.4914193727749013,0.939,0.32345559999885154,0.040591900000436,[1.0000231106185535],"[0.10830527606197203, 0.10415876766278734, 0.10512817119667817, 0.10520969363611184, 0.10406613914255541, 0.10295160352029857]","[0.10015966338229294, 0.10003660105324348, 0.10016591973999156, 0.10011160736603876, 0.10007864672486601, 0.10008417865391228]","IG(3, 0.4)",mode,40,6
mfego MF,True,0.9964683365825853,0.5050815543541185,0.962,0.3243868999998085,0.03995240000222111,[0.9999455176420161],"[0.10362568421082569, 0.10079077461783979, 0.1017846486042285, 0.10052390821779236, 0.10063647788456229, 0.10136174101426391]","[0.10006715760134877, 0.10004679842493057, 0.10022867487092192, 0.100033083663422, 0.10132817550380568, 0.10006332704821595]","IG(3, 0.4)",mode,40,7
mfego MF,True,1.0332127572207355,0.6043243073681639,0.9805,0.2980825000013283,0.03675849999854108,[0.9978709417388916],"[0.10118220857090084, 0.10238703369466913, 0.1045256076129643, 0.1103985717756386, 0.10622342836763403, 0.10475777436391388]","[0.1022834551875625, 0.11246467310631045, 0.10778182518451557, 0.10270137199162656, 0.10959753743315323, 0.10400165762290281]","IG(3, 0.4)",mode,40,8
mfego MF,True,0.9333443601573208,0.4600044721477219,0.9295,0.4143594999986817,0.030944699999963632,[1.0026418090659006],"[0.5136287625274675, 0.3225651522856568, 0.7890013430975099, 0.24884550945127124, 0.27460617545210814, 0.36565488869659823]","[0.10067979919585537, 0.101006369776061, 0.10322215499771381, 0.10204253258111634, 0.10049112819921013, 0.10084126365463822]","IG(3, 0.4)",mode,40,9
mfego MF,True,0.9781066670559683,0.4755363098142164,0.9395,0.1233633000010741,0.0037233999973977916,[1.0055044795465136],"[0.2491426090398589, 0.2515957136788491, 0.25172450631218146, 0.2516223847790495, 0.25479705752758786, 0.25143942015198506]","[0.2518586181424753, 0.2522624272249991, 0.2537188693748817, 0.2503262658356423, 0.2517916959324623, 0.25309300967645715]","IG(3, 1)",mode,5,0
mfego MF,True,1.0165235233125531,4.784411021915944,0.808,0.11994509999931324,0.003727799998159753,[0.9999913999165282],"[0.24105990336788144, 0.2509217070272179, 0.23733098020101331, 0.24594174532160257, 0.24481805346320581, 0.25240107734177825]","[0.24987312205040227, 0.2500080003076817, 0.2500195462620185, 0.2496807519006901, 0.2506656658062241, 0.2499679087643522]","IG(3, 1)",mode,5,1
mfego MF,True,1.0610991736308015,3.8353900351884223,0.792,0.11385900000095717,0.003085500000452157,[1.0001685292578075],"[0.2541064719148587, 0.24422330619756538, 0.24898751416484793, 0.2466836050035682, 0.2514455646358151, 0.24041809130539343]","[0.24973071396728613, 0.2498424837882383, 0.24960270020843214, 0.2496567471825681, 0.24990494404102645, 0.2498959186917184]","IG(3, 1)",mode,5,2
mfego MF,True,1.0248483844272385,1.0124715412068703,0.911,0.11460910000096192,0.003566100000170991,[0.9999902280578232],"[0.24269712109865985, 0.23930300486623204, 0.24496438081557104, 0.2360987501181384, 0.2392389498879143, 0.24312579301619341]","[0.24969272744471327, 0.24994705410692827, 0.24906637747884575, 0.24816909856207436, 0.24977734052711562, 0.24861251297812614]","IG(3, 1)",mode,5,3
mfego MF,True,1.292764082015413,1.0458538266816135,0.999,0.11584410000068601,0.0038031999974919017,[0.99979716216904],"[0.2587384964928601, 0.2447250912167689, 0.280836204049898, 0.25103149888917575, 0.25616966819471065, 0.2536860250422249]","[0.24994586304737323, 0.24949405907526992, 0.24996365572575346, 0.24996095700218315, 0.2499653163843434, 0.24980823217363501]","IG(3, 1)",mode,5,4
mfego MF,True,0.998698802209942,1.94829606266623,0.8485,0.11401149999801419,0.003709500000695698,[0.9998959766945033],"[0.24805760013133712, 0.25091284806798553, 0.25087939165566003, 0.25126352165360294, 0.24575649946700298, 0.24996519376153492]","[0.2498767784160595, 0.25006786432843336, 0.25031448788480043, 0.24969966839951843, 0.24984804918849235, 0.2500578435564487]","IG(3, 1)",mode,5,5
mfego MF,True,0.9791749833078918,0.4890609427509849,0.963,0.10799500000211992,0.003424900001846254,[1.0002863016246286],"[0.2511190292673184, 0.25206916664893686, 0.2508354125842717, 0.24814345843021796, 0.25036124253881936, 0.25044721438184064]","[0.24918976646029412, 0.24868186659161898, 0.24968863740012903, 0.24979359357974235, 0.2491488503453078, 0.24992181981240164]","IG(3, 1)",mode,5,6
mfego MF,True,1.0559836398125795,17.500376381067923,0.6965,0.11788249999881373,0.0034580999999889173,[1.0000023520715737],"[0.25031229949546324, 0.2437671275605514, 0.24263715287468937, 0.24899055282652724, 0.2422597954179859, 0.24819901052387652]","[0.24973781059193448, 0.2496906409087269, 0.24963276229176334, 0.24984079994611041, 0.24924544519454575, 0.24954755417219682]","IG(3, 1)",mode,5,7
mfego MF,True,1.0066349354711264,0.7374359167855363,0.895,0.11329599999953643,0.0034973999972862657,[1.0002116405318595],"[0.2588294973900727, 0.2848766234492313, 0.28351813154143773, 0.23974716550361128, 0.26280549792849606, 0.25064929423420723]","[0.24991625400270742, 0.25002922898601326, 0.24906607166333167, 0.25034832488499104, 0.2500693481036838, 0.24980956483878686]","IG(3, 1)",mode,5,8
mfego MF,True,1.0339911135715378,7.020841953421745,0.769,0.11815040000146837,0.0036088999986532144,[0.9999805009048442],"[0.2457904133182394, 0.2415442211588552, 0.2533237659207647, 0.2467060828824966, 0.24985953930072957, 0.2500026685548855]","[0.24977618607141347, 0.24967478740965565, 0.25035841936156034, 0.2502117135016989, 0.24974843583844297, 0.24960636714765225]","IG(3, 1)",mode,5,9
mfego MF,True,0.9868582190413936,0.6351941477245909,0.9,0.12720289999924717,0.006509400001959875,[0.9934255566989136],"[0.17401276998704276, 0.23145876709940644, 0.2573687527351825, 0.20172794971973507, 0.2408538375188331, 0.23363483428335732]","[0.2473832660142367, 0.23323795817958642, 0.2439814659946138, 0.23975160432199188, 0.24075759377206138, 0.25240497916703586]","IG(3, 1)",mode,10,0
mfego MF,True,0.9568363081278177,0.5230042167495069,0.921,0.12680309999996098,0.0062250999981188215,[0.995900173532713],"[0.2425509657699888, 0.25105113749070473, 0.2521298015885827, 0.253547493694395, 0.2486440724084626, 0.25105150939591414]","[0.24846642517529852, 0.24508226967975438, 0.2588991438897965, 0.2531650537986194, 0.24774863602433672, 0.2606723332836277]","IG(3, 1)",mode,10,1
mfego MF,True,0.9528074036833627,0.7367529497320884,0.902,0.13273540000227513,0.006389599999238271,[1.0042199345344884],"[0.2893033365341704, 0.33498531736832426, 0.2877572250659643, 0.3156326596279678, 0.2159026055216295, 0.28875734067823716]","[0.2494158087684985, 0.25737258580653394, 0.2523997882165002, 0.24742581088686977, 0.24906070702221153, 0.24562836758282633]","IG(3, 1)",mode,10,2
mfego MF,True,0.998643769827428,0.7951803093709106,0.8895,0.13945280000189086,0.006456499999330845,[0.990690909912138],"[0.25316853534261713, 0.30183535962724145, 0.26243707599012456, 0.3653330497700967, 0.2898176702774947, 0.35569139613511314]","[0.249510722528525, 0.24753793869221533, 0.25311292344388614, 0.25624693034105983, 0.2522882707955798, 0.25549365839149224]","IG(3, 1)",mode,10,3
mfego MF,True,0.941104000384487,0.44301889445832204,0.9625,0.13228130000061356,0.0065641000001051,[0.9926011274078694],"[0.25963847533901463, 0.263574786650464, 0.23217033625634864, 0.2357332168114753, 0.237403524542908, 0.2390417681607999]","[0.23732540649976464, 0.24473441953099906, 0.23923381185024908, 0.24802631463157715, 0.248161237522976, 0.24710655116712166]","IG(3, 1)",mode,10,4
mfego MF,True,0.8701034104052011,0.5025870255613684,0.9805,0.13745399999970687,0.006901000000652857,[1.0073284667641582],"[0.30976722306139876, 0.47132816782854436, 0.28230035211282717, 0.26755732955468986, 0.3002049309929402, 0.4088595805368959]","[0.2515880938156739, 0.25183471382919426, 0.25841274881534565, 0.25284809663131863, 0.25064167635350726, 0.2511980873431805]","IG(3, 1)",mode,10,5
mfego MF,True,0.9513781768425248,0.4427223865893909,0.9435,0.12590690000070026,0.006408599998394493,[1.000404548493618],"[0.2281408389629232, 0.2319240352547126, 0.2526716607346334, 0.23153183220596463, 0.2425626008619341, 0.23746837456660624]","[0.24954360054364522, 0.24143544823456858, 0.25079582534719813, 0.24165148960955662, 0.24813666301337586, 0.2517961429233575]","IG(3, 1)",mode,10,6
mfego MF,True,1.0223577792242764,0.7056861258475016,0.9855,0.125577599999815,0.005978999997751089,[1.000472958728284],"[0.24882688369461287, 0.29645284004372896, 0.24660210121947226, 0.2009762087519444, 0.2549788880783061, 0.27005602502111536]","[0.24708703910150745, 0.249474358765598, 0.25054043295190015, 0.2514456343377786, 0.2502155207411988, 0.24977810199529585]","IG(3, 1)",mode,10,7
mfego MF,True,1.018018110183807,2.979978417340435,0.8255,0.12668230000053882,0.006364600001688814,[0.9998387420421327],"[0.28649615463380357, 0.27179563350698116, 0.3169887234589788, 0.28312592336446124, 0.28646140855372215, 0.2948283546239569]","[0.2510762143035177, 0.24979803428766517, 0.23246782839403682, 0.25087539365753747, 0.24551058370193268, 0.24967595872798445]","IG(3, 1)",mode,10,8
mfego MF,True,0.9752943906187842,0.6014040922375932,0.9135,0.1236867000006896,0.006857799999124836,[1.0004004293673316],"[0.2551208913040153, 0.25179137666136364, 0.2645249399809977, 0.2544433888911368, 0.23933382792861072, 0.24474953284101442]","[0.252184658801266, 0.24525472994933364, 0.23848025337659598, 0.24639642714164475, 0.25415451245133763, 0.23956827863032948]","IG(3, 1)",mode,10,9
mfego MF,True,0.9315311668743943,0.7961850987134456,0.8805,0.1802946999996493,0.018002799999521812,[0.9924694076827953],"[0.38156240231527433, 0.23733115974326913, 0.3392735045736035, 0.29599503198178834, 0.27363810587458925, 0.3139972615565402]","[0.2588626399739742, 0.26057810846363255, 0.23875353361383705, 0.2597221251273468, 0.23657981781833753, 0.2511669173446636]","IG(3, 1)",mode,20,0
mfego MF,True,0.9185749499969936,0.7094328341562591,0.8865,0.18129340000086813,0.01816270000199438,[0.9522885197519911],"[0.3288272647425571, 0.293952504063798, 0.2767331461521627, 0.2757997030553167, 0.26186071729321425, 0.20868096991001311]","[0.3876244357038018, 0.3983906432354671, 0.25004523911237947, 0.2832236729632705, 0.2607284608295654, 0.538713882731698]","IG(3, 1)",mode,20,1
mfego MF,True,0.9667645987041465,1.1374740639234533,0.876,0.1933312000001024,0.0177177000005031,[1.0051447272287566],"[0.32171956745326, 0.16221869806444697, 0.41717810161319335, 0.3561448568041985, 0.24482561296057198, 0.5593817514905843]","[0.22541268310195436, 0.2520482476715341, 0.2607617623278212, 0.26714773359840005, 0.25186005230037756, 0.270399219188366]","IG(3, 1)",mode,20,2
mfego MF,True,0.854724095039367,0.783452133251305,0.8915,0.15187579999837908,0.014928700002201367,[0.9810641032682068],"[0.6411426367656606, 0.4910208183219395, 0.9729554550500229, 0.320424504956981, 0.26695318699039056, 0.26651151406707946]","[0.2703772129002923, 0.2812745934381881, 0.42926358569970735, 0.2634536977925848, 0.26951419757122946, 0.42285932587879127]","IG(3, 1)",mode,20,3
mfego MF,True,0.9241040108425579,0.8769437490501498,0.8835,0.1590969999997469,0.015821900000446476,[0.9754474779403769],"[0.25292508285412907, 0.2753567332429805, 0.5993014296915053, 0.3323593753181614, 0.47378066318054723, 0.4903569387709003]","[0.270386287024266, 0.2548804033705226, 0.38694065370763, 0.2811503449455698, 0.2830579992427776, 0.22411219082496303]","IG(3, 1)",mode,20,4
mfego MF,True,0.9383331812721762,0.8942388494498648,0.881,0.19028699999762466,0.018328900001506554,[0.9990613377587695],"[0.2506809948499134, 0.22825327387430855, 0.5518207042240927, 0.2621846487978361, 0.18376720285782036, 0.25139426204624377]","[0.28042974172306645, 0.3690099418088772, 0.2749684117387081, 0.3293064559369169, 0.20165695092000768, 0.26481059131570295]","IG(3, 1)",mode,20,5
mfego MF,True,0.9884552097456402,2.9563833181414068,0.825,0.17563260000315495,0.020603799999662442,[0.9906874313550792],"[0.3053356564563391, 0.16711386439934242, 0.28855369378711315, 0.3474106070739889, 0.2827459904626282, 0.2658910236243828]","[0.28110189149654596, 0.2722744539729716, 0.27281518621386275, 0.3115794660578257, 0.23543802639183864, 0.27965001755143815]","IG(3, 1)",mode,20,6
mfego MF,True,0.9421833964256358,0.46630733337321983,0.925,0.19404479999866453,0.016761500002758112,[0.9828662680726578],"[0.30429986884709337, 0.3203996442335678, 0.300662119875641, 0.24992998546278533, 0.5005045313986036, 0.21858104973951617]","[0.31518854606136437, 0.23477599903337742, 0.309417835683016, 0.26512770523401075, 0.3008951958747221, 0.21516648472567476]","IG(3, 1)",mode,20,7
mfego MF,True,0.9298309473028922,0.41740341390726526,0.9615,0.19173139999838895,0.01668509999944945,[0.9878579867459858],"[0.24187122518590243, 0.49230105785348793, 0.5885610530497779, 0.33356310102243875, 0.35194788173025615, 0.24370732502274317]","[0.24040432023327737, 0.24199708383753782, 0.253446696632648, 0.2589412526780249, 0.23928128589987377, 0.24146534760441996]","IG(3, 1)",mode,20,8
mfego MF,True,0.8593600292588595,0.4624861793458904,0.9155,0.19600550000177464,0.014581100000214064,[0.9845427347328878],"[0.3467765255939177, 0.3777187455212578, 0.549984755205537, 0.2243009391573152, 0.26047101287240326, 0.23807187118171694]","[0.25056987972544575, 0.2843011938499958, 0.2939205166713218, 0.24723930919196355, 0.28391066148539446, 0.3301535260197374]","IG(3, 1)",mode,20,9
mfego MF,True,0.7514091896045999,0.27126660965980615,0.9295,0.2925297000001592,0.03131560000110767,[0.8979299451934638],"[0.1551123548353151, 0.22594812991839217, 0.7289501742344431, 0.23453051206072012, 0.3633482543736701, 0.8243352924628821]","[0.396948596080662, 0.29642179200409385, 0.3577187709904414, 0.34439785303157955, 0.3813133018875462, 0.4520918516943314]","IG(3, 1)",mode,40,0
mfego MF,True,0.7246114603200168,0.23040360059689574,0.9715,0.3025569999990694,0.02939690000130213,[0.9418984406592664],"[0.3145176025639974, 0.23587019474261053, 0.22978818619396393, 0.2143615783785089, 0.226001941089869, 0.3826163243667173]","[0.41659690168140223, 0.2896038038422454, 0.47338204382381294, 0.252826811251961, 0.5265909487682827, 0.2954989994394401]","IG(3, 1)",mode,40,1
mfego MF,True,0.9075250927572672,1.7655172020031513,0.8515,0.3165392000009888,0.03246930000022985,[0.9774340022119755],"[0.6060921925529427, 0.18334213954877346, 0.61651372474495, 0.32627530711221886, 0.966235460686749, 0.2167633021560782]","[0.21669845365329274, 0.3593233890069533, 0.30397026524957876, 0.32389168964986037, 0.3772709568740417, 0.30108828754594785]","IG(3, 1)",mode,40,2
mfego MF,True,0.6794389470114862,0.23921263631188835,0.9805,0.29809060000116006,0.03838720000203466,[0.9705379776010196],"[1.5684300314228883, 0.32353232976213536, 0.8017284900379031, 0.10605812999270282, 0.3169987273446592, 0.8996440471566324]","[0.2448255825746365, 0.2166831752469718, 0.4428377393652354, 0.31507778844864237, 0.2719573216917682, 0.30935522198257354]","IG(3, 1)",mode,40,3
mfego MF,True,0.7606744214208131,0.42612967728858847,0.902,0.3048030000027211,0.03299399999741581,[0.976638909662653],"[0.3479452928822558, 0.14471543023176334, 1.0619532142670804, 0.3358797825266336, 0.3288749356957421, 0.18656846405995206]","[0.6821149061923947, 0.3350759993612109, 0.441372693713266, 0.2907313441167228, 0.22079625529632702, 0.3779416353763866]","IG(3, 1)",mode,40,4
mfego MF,True,0.7216486784993106,0.3471788164674857,0.9185,0.16908259999763686,0.0295150999991165,[0.9421021371122842],"[1.1549548846600755, 0.20513011783904794, 0.33601708858182383, 0.4347329228438601, 0.342221175298905, 0.27248579976613746]","[0.32954524928747725, 0.3253429508121829, 0.5184666403534846, 0.385771396150211, 0.2808105836985529, 0.3781344251831934]","IG(3, 1)",mode,40,5
mfego MF,True,0.7383080980154691,0.17387089730417907,0.938,0.3943866999979946,0.035928100001910934,[0.9418647628777818],"[0.13568562828815436, 0.2092703733160195, 0.8769757403006982, 0.3260331669948659, 0.3498383098696483, 1.104648925834909]","[0.3393964484407621, 0.41156084945957583, 0.5863127669509735, 0.28877014025176667, 0.23072707866181955, 0.37242685971303857]","IG(3, 1)",mode,40,6
mfego MF,True,0.8560388656131359,0.3552941906428555,0.9625,0.3283123000001069,0.029262899999594083,[0.9966491434841104],"[0.8304647096155805, 0.6704534469967605, 0.1615601015911258, 0.1454740111142463, 1.2059216767820153, 0.34514780119377586]","[0.16742632898671087, 0.25403156649770803, 0.28911128361217836, 0.2588712306182144, 0.3216353179562706, 0.20938619201240832]","IG(3, 1)",mode,40,7
mfego MF,True,0.7405478190070935,0.28883267519292577,0.9745,0.28141559999858146,0.03314459999819519,[0.9257756634538972],"[0.3458584733609138, 0.33582321162728473, 0.6628424884295434, 0.1197312687919692, 0.2968803298423366, 0.272615339148434]","[0.21561403358285605, 0.34132145077708625, 0.33679594786469164, 0.2834236114140246, 0.31333072290605773, 0.3149733800532819]","IG(3, 1)",mode,40,8
mfego MF,True,0.7347150450370192,0.4114194428193856,0.903,0.2877154999987397,0.03473339999982272,[0.9341349155659053],"[0.5811138502111376, 0.37302745112626307, 1.1760650376812967, 0.27153252919883564, 0.30034185401279373, 0.39549532328600306]","[0.27571680122815695, 0.29478875344360894, 0.6070890287353626, 0.3643963293047127, 0.30661441532470274, 0.5034448245250573]","IG(3, 1)",mode,40,9
mfego MF,True,0.9714054479156102,0.557294914527002,0.9275,0.03726710000046296,0.004043100001581479,[1.0263920386358445],"[0.4387991769951219, 0.5613008112596638, 0.5599725566669161, 0.5470765163221256, 0.548423908672239, 0.4400136223003644]","[0.5162982181749902, 0.4641209864036674, 0.4989798331597535, 0.4860320551492848, 0.5182611519425032, 0.4987426372210215]","IG(3, 2)",mode,5,0
mfego MF,True,0.9944766081780696,7.236372601485832,0.765,0.06550179999976535,0.002857600000425009,[0.9957831942695184],"[0.40473823279196913, 0.4751808528912477, 0.4049819316480841, 0.461122292657467, 0.4603227114914222, 0.4721136503913135]","[0.49665713669657446, 0.5019375613742669, 0.5328425560611364, 0.46859086189427146, 0.5723304448676186, 0.4689375623762334]","IG(3, 2)",mode,5,1
mfego MF,True,1.0312066068862151,4.5760568860656505,0.784,0.04248920000100043,0.0038359999998647254,[0.9994300148605703],"[0.432534309782733, 0.4436879128014529, 0.5034243617658376, 0.4501445598805248, 0.4754715536435638, 0.3758444415821874]","[0.4661453017455201, 0.48802607908585693, 0.457576245493769, 0.4923144200458314, 0.4853769876174694, 0.4833989655928683]","IG(3, 2)",mode,5,2
mfego MF,True,1.0247393622146668,1.2170983317033743,0.8575,0.04693720000068424,0.002964900002552895,[0.9910656237634126],"[0.43194119802875625, 0.3930333389369344, 0.4141756353370791, 0.3521262240734601, 0.3705918162457612, 0.42612355880552677]","[0.49141796811151633, 0.5175376925756733, 0.47033960760004484, 0.4268638463476734, 0.4901056189243958, 0.4546299261427267]","IG(3, 2)",mode,5,3
mfego MF,True,1.662441369463196,1.0987758608718958,0.991,0.04636499999833177,0.0032366000014008023,[0.972299912506628],"[0.6507986801921954, 0.38148183870565283, 0.7024451089699795, 0.4462377929253696, 0.5267662370272673, 0.5636601090171015]","[0.495217891262438, 0.4573953522102463, 0.48937614827171094, 0.499112589823697, 0.502916578955107, 0.4475323295204563]","IG(3, 2)",mode,5,4
mfego MF,True,0.9443877849120244,3.399943164151997,0.829,0.03590009999970789,0.0028454999992391095,[0.9916348123743218],"[0.43439449119675366, 0.5208761502653076, 0.46470172828706974, 0.537003395763905, 0.41028985471465684, 0.5155596559690782]","[0.5200438182484831, 0.5257724918612513, 0.5134808397393043, 0.4943291130151742, 0.47463533072208514, 0.5173483170896221]","IG(3, 2)",mode,5,5
mfego MF,True,0.9833342806957225,0.48629814163850194,0.9595,0.04894190000050003,0.0027835000000777654,[0.9942865682257702],"[0.5149485751144934, 0.4979140563596608, 0.5213204445012537, 0.4419880686750423, 0.4354054016337192, 0.49313880445514596]","[0.486005085872497, 0.4613051564905588, 0.48069475285046204, 0.46995315543491256, 0.4772519105816219, 0.4790790362351739]","IG(3, 2)",mode,5,6
mfego MF,True,1.0415761952220353,16.534781988201235,0.618,0.04246409999905154,0.003046800000447547,[0.9951232041334118],"[0.5422045682138105, 0.4385810320932891, 0.43788656113961316, 0.44929898051032147, 0.39012832990946067, 0.4365314841325108]","[0.4859779413594995, 0.4752051611086118, 0.469271692370439, 0.5043535775110084, 0.42291316085489306, 0.47894721247461886]","IG(3, 2)",mode,5,7
mfego MF,True,1.0067729206792315,0.8330454979730247,0.879,0.03920070000094711,0.002705200000491459,[1.000389223441984],"[0.4638711174762279, 0.6006745397937114, 0.5128556498136941, 0.36353358820634635, 0.5283978354334974, 0.49534030590558675]","[0.48483330404018277, 0.48924231327350975, 0.4316015397538768, 0.5035201065902494, 0.49428992042124664, 0.4644951425099481]","IG(3, 2)",mode,5,8
mfego MF,True,1.0079438433741663,8.13740581280773,0.7525,0.04244699999981094,0.002788899997540284,[0.9979405343135378],"[0.45770294948229245, 0.3881078398636566, 0.5881787404940765, 0.46707079056984974, 0.5124240296613549, 0.5030589591662857]","[0.4466419599838226, 0.4884408941687603, 0.5255702466602064, 0.5096199857365226, 0.5135002996155961, 0.45658578368389824]","IG(3, 2)",mode,5,9
mfego MF,True,0.9323712551729434,0.5646321838302437,0.8975,0.06521229999998468,0.007989800000359537,[0.9445008196196785],"[0.21740692207988715, 0.5094124781412284, 0.6856334176837142, 0.46221745901577643, 0.34099382071020595, 0.47900511247097544]","[0.4761869385382329, 0.3516460713835318, 0.4047265367805483, 0.3496544613834007, 0.40252861857355887, 0.4664523786467469]","IG(3, 2)",mode,10,0
mfego MF,True,0.9574932030130956,0.7786614123662503,0.881,0.06230139999752282,0.007488100000045961,[0.9616201687401756],"[0.43588275679972194, 0.3744755586283172, 0.39197777173470766, 0.40619116975452835, 0.36298940360763077, 0.4795516757095988]","[0.4726676953311773, 0.4707399651555782, 0.6872877216052037, 0.501939060500533, 0.49449866784003166, 0.5202763238103177]","IG(3, 2)",mode,10,1
mfego MF,True,0.8951302320207614,0.8772644077100386,0.886,0.05481169999984559,0.006999000001087552,[0.992918589373616],"[0.43540308743424816, 0.5736994474293559, 0.6478213660167496, 0.6403262886307095, 0.2883059299316852, 0.6420375408434924]","[0.4500193916236349, 0.4751974309768895, 0.5005327997479321, 0.38512700834241037, 0.48966339072384796, 0.4349349343242088]","IG(3, 2)",mode,10,2
mfego MF,True,0.9756747462883981,0.7964169198125474,0.8845,0.057640899998659734,0.007135899999411777,[0.937744412881073],"[0.3358266224920015, 0.5980219101496278, 0.7749688145102143, 0.7922122251613374, 0.458012579335981, 0.4120328494975256]","[0.4481727142139743, 0.4141719931026142, 0.47711574583904925, 0.40975097277769035, 0.41757711160977773, 0.4407354319069152]","IG(3, 2)",mode,10,3
mfego MF,True,0.8615277200014043,0.4108555147377856,0.97,0.059984199997416,0.007517999998526648,[0.943342010745003],"[0.3908277847975429, 0.3811864906043271, 0.3060237651267982, 0.4570268271639137, 0.47250409732328125, 0.38003734442111375]","[0.39021422826473545, 0.43681361041982375, 0.4327291390286895, 0.42433805117844425, 0.45874168536785365, 0.48761144452020055]","IG(3, 2)",mode,10,4
mfego MF,True,0.9416069907174476,0.46330179448078224,0.969,0.04637670000010985,0.00617440000132774,[1.042566340269888],"[0.48066711810924173, 0.7156440437230814, 0.46438773580289994, 0.44454390778214276, 0.43253429674186433, 0.7527442672423597]","[0.40592664870266354, 0.52416486245957, 0.5097165675731764, 0.5307816059298343, 0.44995059658889475, 0.46551188288752127]","IG(3, 2)",mode,10,5
mfego MF,True,0.908601775093885,0.5706126889444026,0.9095,0.07915679999860004,0.007005799998296425,[1.034933376411031],"[0.5289210683012374, 0.3148726079951734, 0.5565665400332477, 0.3476283737373935, 0.45865065333473354, 0.38079537641674516]","[0.4864953547834358, 0.4346876762022961, 0.6005433167066531, 0.39654669882713206, 0.5140437235642094, 0.5687996279175616]","IG(3, 2)",mode,10,6
mfego MF,True,1.2010748675572773,0.7335130228324821,0.9655,0.050384300000587245,0.007997500000783475,[0.9875147496632929],"[0.47539589535094856, 0.767236343080119, 0.6737907591719577, 0.21771534713147864, 0.502797700291533, 0.5117224573145601]","[0.3699278725287826, 0.5133941399810238, 0.5215091249311928, 0.5069952056560441, 0.45108301045651356, 0.4856317238292747]","IG(3, 2)",mode,10,7
mfego MF,True,1.0016813195121619,4.5466650910875,0.777,0.04747999999744934,0.006899900003190851,[0.9992336807711867],"[0.5809748862815634, 0.401671115419453, 0.6939408218589539, 0.7323586131111233, 0.4674527619435508, 0.8032292378561624]","[0.5891833635527836, 0.49780210428396404, 0.3839530744250298, 0.5302023602940095, 0.40794743683284207, 0.5454784394518252]","IG(3, 2)",mode,10,8
mfego MF,True,0.9667073407731028,0.72300579701948,0.8935,0.054141600001457846,0.007325800001126481,[1.0307250333046154],"[0.33271539410483514, 0.5790827603787918, 0.6147344883633519, 0.5301860585563997, 0.3546262666314465, 0.43314258811392903]","[0.545650886528939, 0.4882986140584049, 0.38796813653411405, 0.4813215161538014, 0.5389077326782371, 0.37584431223051445]","IG(3, 2)",mode,10,9
mfego MF,True,0.834155556738468,0.9864471995034928,0.8765,0.08583599999838043,0.01366549999875133,[0.9494162026919069],"[0.5895561352838342, 0.3156987533323125, 0.7744545085995495, 0.4968959149195899, 0.4148978446327139, 0.39572023190567573]","[0.46950600877005566, 0.5134178805573338, 0.3341355558769678, 0.5950251279927047, 0.37943970727590903, 0.437023600430482]","IG(3, 2)",mode,20,0
mfego MF,True,0.949991632649288,1.4393998144172482,0.8015,0.09555790000013076,0.01571920000060345,[0.8869652230832694],"[0.9726357482110353, 0.7260199739695189, 0.5776549937196384, 0.39668652335301546, 0.39275962614705373, 0.22704509482564514]","[0.5336102724878524, 0.6270551855271478, 0.29477595397147205, 0.4547213247103021, 0.3642918089912625, 0.8851236779400368]","IG(3, 2)",mode,20,1
mfego MF,True,0.9426367652586678,2.4550421718218423,0.7805,0.09367579999889131,0.013340099998458754,[1.0088902946453417],"[0.8300503151865286, 0.17297414844962003, 0.6310223377087335, 0.8164928146888837, 0.33929044506039235, 0.8300217198676092]","[0.24824405295468704, 0.6756667490194124, 0.5696602143257928, 0.5232923798512964, 0.7090244593396458, 0.556672934647921]","IG(3, 2)",mode,20,2
mfego MF,True,0.8188692123073025,0.8576834262539735,0.877,0.10492040000099223,0.014818899999227142,[0.9250877789237985],"[0.7942373875272771, 0.5929889080550745, 1.3124509659704133, 0.42580650626210415, 0.31359691662304007, 0.2885651741810875]","[0.48491444603927997, 0.38832048906193867, 0.5630121468141942, 0.3524092898206885, 0.35701225257514496, 0.5880636198170361]","IG(3, 2)",mode,20,3
mfego MF,True,0.9009721876504944,1.1403856606664617,0.8595,0.08706470000106492,0.014958200001274236,[0.931966757425259],"[0.38266450966479737, 0.33538703929378855, 0.9211437767208305, 0.4025140541019498, 0.649767869401602, 0.5540686778649949]","[0.36853685649560974, 0.3312328999451719, 0.6026636646058281, 0.5041668813800193, 0.3758083518141882, 0.35820066669891526]","IG(3, 2)",mode,20,4
mfego MF,True,0.8794431999067024,1.33383191409986,0.8435,0.11066639999990002,0.014744699998118449,[0.94935153160637],"[0.2888894509120329, 0.7441881210822402, 0.9308395697749728, 0.3978847812311686, 0.4136039799578467, 0.1919197889010832]","[0.5528480762456418, 0.7370770994970876, 0.4139341825961855, 0.5868628118111726, 0.2626094832162251, 0.42283646002171177]","IG(3, 2)",mode,20,5
mfego MF,True,0.9500790990892345,5.394583305732538,0.753,0.08948740000050748,0.015875799999776063,[0.9607451404508246],"[0.5650500541963392, 0.21169754850379607, 0.4481447648969659, 0.4221263053779062, 0.4874500793042812, 0.4106473490205845]","[0.521262408051891, 0.3221507241708888, 0.5056043505139888, 0.6309748196005074, 0.34093168360768183, 0.7276062872635344]","IG(3, 2)",mode,20,6
mfego MF,True,0.9376012474524845,0.6563520210651417,0.895,0.08182350000060978,0.015047599998069927,[0.968388765197708],"[0.41506651878196327, 0.40339490931719246, 0.397286570049663, 0.3361742258881412, 0.7532136299629496, 0.2650635996091647]","[0.5498441553404051, 0.36444433828657397, 0.5771588350008562, 0.34939115621621286, 0.6358990501463894, 0.30576463709131796]","IG(3, 2)",mode,20,7
mfego MF,True,0.9586600376419399,0.4593400877994152,0.932,0.08721770000192919,0.015171900002314942,[0.9669372072068553],"[0.31841124999194986, 0.8151143732852456, 0.9602559226799009, 0.4750503571596034, 0.5034453041408518, 0.3004072000420737]","[0.5213890808027442, 0.3329828687433034, 0.5348795968513169, 0.45252329207140835, 0.36243773195574364, 0.3157737681055759]","IG(3, 2)",mode,20,8
mfego MF,True,0.8317739699586755,0.7861158299162008,0.8875,0.08579140000074403,0.01861750000171014,[0.9266171372707389],"[0.41749874145046056, 0.6183866003166674, 0.7565175893749332, 0.2932556499605982, 0.33075972515724716, 0.31076385974582377]","[0.4103592916787684, 0.4907070928559877, 0.3918846563999069, 0.43498955899696196, 0.5727523501415129, 0.5658300754941803]","IG(3, 2)",mode,20,9
mfego MF,True,0.7833434573192932,0.4611574563344882,0.8975,0.221682299998065,0.03329959999973653,[0.8625235992849293],"[0.17687918292470262, 0.28667955983399435, 0.8224927504831141, 0.25397397520424847, 0.4842672627072716, 0.911443310994427]","[0.5083802097785337, 0.3817757975118848, 0.4114585208617959, 0.3535389071614694, 0.5027509016397921, 0.5095161959396026]","IG(3, 2)",mode,40,0
mfego MF,True,0.7933868052749545,0.2585971617418467,0.9415,0.21914119999928516,0.033152899999549845,[0.8840646331651555],"[0.4351078532951409, 0.25073388392877355, 0.23732023630223908, 0.22171248635511479, 0.31994666195558613, 0.6300326882869859]","[0.5959496272816259, 0.3780733962073197, 0.6224549911678532, 0.3202348670987435, 0.6116979849229699, 0.3706606613645592]","IG(3, 2)",mode,40,1
mfego MF,True,0.8539811408381474,2.1142954164620784,0.819,0.20992760000081034,0.031974599998648046,[0.9491127334849974],"[0.8782767624447329, 0.2236493505400664, 0.5864762828226164, 0.6018044900812493, 1.259731703926017, 0.2311719320394905]","[0.3418287491669418, 0.5246584025802701, 0.5063414527081002, 0.44583127334550215, 0.4952717647524042, 0.2838947928668338]","IG(3, 2)",mode,40,2
mfego MF,True,0.6955817866916058,0.21179878535031174,0.9725,0.23642670000117505,0.04227559999708319,[0.9159471271413817],"[2.0751213504348063, 0.3308266019185145, 0.9954715373053133, 0.11822065795411375, 0.3893796083294631, 1.0631521099586132]","[0.3134112028425386, 0.27548028639851674, 0.8459872675518127, 0.46525039254075856, 0.3371519587448548, 0.35008141842578633]","IG(3, 2)",mode,40,3
mfego MF,True,0.7672798589475867,0.7876467023972281,0.868,0.25216770000042743,0.046476799998345086,[0.9498506283935793],"[0.348358516095706, 0.16467362206815503, 1.5702236512112535, 0.40294828906346425, 0.34606563254993244, 0.3791883721400868]","[0.8938710078479197, 0.4897850233906637, 0.4332869177972545, 0.46074586739164913, 0.27622874039180323, 0.4811641762378723]","IG(3, 2)",mode,40,4
mfego MF,True,0.7204898001243969,0.6044603052679202,0.866,0.1971044999991136,0.029032200000074226,[0.9045997730507341],"[1.6061490414172788, 0.2277670352196296, 0.3766028948045281, 0.4511506402273364, 0.39035184006999774, 0.29596954552116983]","[0.46866520623838853, 0.42000820763483604, 0.6490903965446255, 0.4516238635550748, 0.3493693309747388, 0.5051513141124483]","IG(3, 2)",mode,40,5
mfego MF,True,0.7649574841160162,0.30889421640168224,0.907,0.27712139999857754,0.035683400001289556,[0.9152970680571507],"[0.1468671026736167, 0.26394440959162135, 0.8596313078710127, 0.35364319812742706, 0.39096064145507203, 1.142951865563884]","[0.42108028695757416, 0.472192292116972, 0.7231795968577182, 0.38208731044759237, 0.2694362568641323, 0.5673670656318528]","IG(3, 2)",mode,40,6
mfego MF,True,0.814027218731848,0.3040180324867972,0.947,0.24427669999931823,0.044710800000757445,[1.0088208880070575],"[1.1024217925297146, 0.871529439754999, 0.17687948838112943, 0.15468955189160097, 1.699935867239933, 0.3978994011252691]","[0.21356394940811593, 0.4115776279923023, 0.688955249789115, 0.4549116664326304, 0.7144856931145681, 0.22217750716049]","IG(3, 2)",mode,40,7
mfego MF,True,1.0242288261108685,0.7376565972180406,0.8775,0.20896139999968,0.034800999997969484,[0.8870583696675803],"[0.39156109991038807, 0.3663753499209313, 0.9308572970558281, 0.14003988603715165, 0.3929287951926343, 0.3163289188290278]","[0.16714198122262133, 1.0786397404843537, 0.3561783660851318, 0.472350131895688, 0.3291828812952405, 0.80231432440631]","IG(3, 2)",mode,40,8
mfego MF,True,0.7426924563248916,0.666395692331799,0.8535,0.2257525999993959,0.04511869999987539,[0.8951638037736995],"[0.6823957962222614, 0.4377150965286956, 1.6300417659563986, 0.304113814213301, 0.34072561754211456, 0.44480502982312103]","[0.3331132891092225, 0.32535651957513506, 0.6905324411417587, 0.4486086001397621, 0.3885583290382517, 0.6211444928020019]","IG(3, 2)",mode,40,9
mfego MF,True,1.0599671581112904,1.5310589097976877,0.8215,0.04106820000015432,0.0031338000007963274,[1.000364476904309],"[0.6982543708137108, 1.254536970447872, 1.2074748801876938, 1.0768303815999434, 1.1222437135701415, 0.7408049039770699]","[1.054714779723152, 0.8430487213165807, 0.8809780010879634, 0.997098192485749, 1.0884366041074467, 0.9548571552103527]","IG(3, 4)",mode,5,0
mfego MF,True,0.9980656820804232,21.6266038064257,0.463,0.04764919999797712,0.002924700002040481,[0.9925298740115049],"[0.5214701627624277, 0.9352687325130306, 0.8932244788943372, 1.0663496353863993, 1.2537337960869066, 1.09413268550707]","[1.022153501833715, 1.0312124800447482, 1.1270927284673622, 0.8877042655768552, 1.2086703056371488, 0.8049172686898215]","IG(3, 4)",mode,5,1
mfego MF,True,1.0144418630521166,6.549463627904342,0.743,0.047538999999233056,0.0028748999975505285,[0.9637172924056063],"[0.7505703343991337, 0.9301203648329684, 0.8952401466377614, 1.0842787938524356, 0.8952450399361757, 0.8203638987992005]","[0.8289043315639243, 0.932878408363886, 0.868625945029373, 1.1001285977524418, 0.9326917593483562, 0.9633865398072445]","IG(3, 4)",mode,5,2
mfego MF,True,1.0739085933502839,2.524633000163685,0.6845,0.0513807999996061,0.002854700000170851,[0.9672783924163182],"[0.9596205255498591, 0.6195084656270461, 0.6111110894707507, 0.8177820118584379, 0.653949264849338, 0.9611765931998183]","[1.0254677935749132, 1.0853003576784037, 0.989360162145463, 0.7315213417086862, 0.9765546904024269, 0.909581120368793]","IG(3, 4)",mode,5,3
mfego MF,True,2.3039860114007062,1.554789597731781,0.8225,0.04675430000133929,0.003282900001067901,[1.0230520956506384],"[1.136324743720509, 0.5785744803098936, 1.1673944931964222, 0.8971962505223963, 0.9196815307258985, 1.0302595636667182]","[1.0735077717836532, 0.8529204806840297, 1.0023323392956147, 1.0686441333057444, 1.147613857219342, 0.7314174290453451]","IG(3, 4)",mode,5,4
mfego MF,True,0.945901862277193,9.297931936677829,0.717,0.07539159999942058,0.0037649999976565596,[1.0009236748737738],"[0.7547281177064394, 1.0271496689052264, 0.6738155546151455, 1.1878892043047924, 0.7144379661370359, 1.077487162815753]","[1.1734880324522166, 1.1164976532590931, 0.9330216730907485, 0.9121225832326944, 0.8337572150530667, 1.1200539762648851]","IG(3, 4)",mode,5,5
mfego MF,True,1.1428252458288253,0.7025056704780146,0.908,0.048625700001139194,0.0028068000028724782,[1.095974003761832],"[1.129172291650106, 0.9818052143473388, 1.1044413052790754, 0.9239591129838395, 0.5938631426658627, 0.9475009446569225]","[0.9842517165151626, 0.9277980276952491, 0.9290460121110063, 0.8175791818237251, 0.980859003894668, 0.9181232797793459]","IG(3, 4)",mode,5,6
mfego MF,True,1.0515328944115592,19.114780892063383,0.471,0.06984949999969103,0.003937500001484295,[0.9629294686364422],"[1.2600671681531868, 0.7037775546307135, 0.8489529758706055, 0.8860389065356651, 0.7858417387394443, 0.6689035105830373]","[1.0055952637204735, 0.936721647978399, 0.9174433505384905, 1.0542770933148393, 0.6711345047928021, 0.9177679419734699]","IG(3, 4)",mode,5,7
mfego MF,True,1.0515039340541312,1.4990175279806528,0.808,0.04759439999907045,0.0029676999984076247,[0.9811654488608682],"[0.6334237645354697, 1.2749369185852375, 0.9728053937459656, 0.6940772395828401, 1.1101641276601426, 1.1122153619933095]","[1.0067012337131036, 1.0313365630962201, 0.8020266661111148, 0.9498412595211855, 0.9976950690231893, 0.8383394884281848]","IG(3, 4)",mode,5,8
mfego MF,True,1.0058894124289972,11.961806195618843,0.6655,0.04597499999727006,0.0028708000027108938,[0.9914663904053945],"[1.0979103083771757, 0.676157266503986, 0.9542817481506849, 0.859910888825717, 1.0157471141895826, 1.1163022672057374]","[0.7540975920646364, 0.9421986767096426, 1.1046448039193109, 1.0939761221507622, 1.174671403166387, 0.9313535557410142]","IG(3, 4)",mode,5,9
mfego MF,True,1.046383057819183,0.750271553054738,0.88,0.08430719999887515,0.006471500000770902,[0.5725409366532463],"[0.3657751776619013, 0.9127560130943767, 1.7593090010703796, 1.3814093939521128, 0.6348405707624699, 0.6727797873210727]","[1.1232002873345328, 1.057274419003292, 1.0202068906860104, 0.44768868044900106, 0.9652742583803106, 0.6794735562184311]","IG(3, 4)",mode,10,0
mfego MF,True,1.0180417988624448,2.2040664722282197,0.6875,0.061182499997812556,0.006848999997600913,[0.8392384568982892],"[0.9923479931658035, 0.4473294986839825, 0.6098368459341599, 0.6818986905252126, 0.6072297217530934, 1.2260687539354551]","[1.0095111987804561, 1.0438654220530146, 1.356184008837754, 0.7183683869592471, 0.7715363453006052, 0.9856178438345299]","IG(3, 4)",mode,10,1
mfego MF,True,0.9370756737786781,1.585950698660617,0.787,0.06945830000040587,0.007082999996782746,[0.8876521758082975],"[0.7387134537922768, 0.7924453105299012, 1.054270669946953, 1.4400425996776738, 0.41187986199646803, 1.0899028601820675]","[0.8075309005784221, 0.8674702431096465, 0.9528149949282894, 0.6277884782719829, 0.938777038314711, 0.8070562507664142]","IG(3, 4)",mode,10,2
mfego MF,True,1.1614352802090293,1.721742377314545,0.7595,0.10464750000028289,0.007433900002070004,[0.6249527654632805],"[0.6024376047560678, 1.0381454684891878, 0.6829914626280915, 1.645431144052521, 0.7475141273899085, 0.6658190463218792]","[0.8242588900368482, 0.7084138875236247, 0.9882275667823631, 0.8376429751462122, 0.8767687410456747, 0.7549642109541366]","IG(3, 4)",mode,10,3
mfego MF,True,1.090939051540699,0.6872169262073273,0.9275,0.09898830000020098,0.0067788999986078124,[0.580984331773945],"[0.5521745480046015, 0.7979441975623667, 0.3416600959577296, 1.4635497390952563, 1.746359717705574, 0.8841499868143393]","[0.7883103253745433, 0.8807816868561903, 0.8907920887054617, 0.6170606859892491, 0.8164763602536421, 1.1828673966779]","IG(3, 4)",mode,10,4
mfego MF,True,1.2625661740332133,0.7889682041594167,0.878,0.05902570000034757,0.006857399999717018,[1.200824685071331],"[0.6752031098311357, 1.1752307377718765, 0.8917059579509885, 0.8865495834103863, 0.7097331391787938, 1.5383075466088791]","[0.6100821210538255, 1.1869017546350222, 0.9622637175827632, 1.0765849939882906, 0.6442821053192594, 0.9606039214871195]","IG(3, 4)",mode,10,5
mfego MF,True,1.0388050420763386,2.0209449998631537,0.7225,0.06555229999867151,0.006652200001553865,[1.1042461355469837],"[1.5752795472076282, 0.5152424737967595, 1.3383984431439393, 0.5585702667841327, 0.8899668930392184, 0.65121557168317]","[0.813234538457966, 0.9027505788200091, 1.0934353917038475, 0.7515852962881624, 0.834695717228641, 1.0950171675568783]","IG(3, 4)",mode,10,6
mfego MF,True,1.5812283577281856,1.2580890920484271,0.8315,0.06508229999963078,0.006567399999767076,[0.8577160681115045],"[0.7336661655492988, 1.5169736402193963, 1.0271016054667639, 0.2800987965585976, 0.9097126166508779, 0.795330945514723]","[0.5394494211664095, 1.0813510687903864, 1.1326069726889076, 1.1603371245462017, 0.7728328399608195, 0.9600416730515356]","IG(3, 4)",mode,10,7
mfego MF,True,1.0161503786039094,9.503081705184647,0.6455,0.06014399999912712,0.006790699997509364,[0.999295272262796],"[0.9107379189649162, 0.5801452318391993, 1.1542713288837136, 1.234239232518838, 0.6877934813647201, 1.430503591212265]","[1.220858579789388, 0.9335036433233085, 0.6262031244732675, 1.0448420542834445, 0.7712375645452926, 0.8450175103405149]","IG(3, 4)",mode,10,8
mfego MF,True,1.0281114196232153,1.2904536883165711,0.8295,0.0624655999999959,0.00638999999864609,[1.210020990408866],"[0.42731157251847685, 0.9581952839703926, 1.2858787197542412, 1.139911812560118, 0.5498009028129793, 0.793616660515889]","[1.2072500122786687, 0.9422411250549121, 0.6892975969984907, 0.9628491248578864, 0.9898176667825079, 0.5570694744609376]","IG(3, 4)",mode,10,9
mfego MF,True,0.9004830640115445,1.7913456135832608,0.8195,0.12730949999968288,0.03202479999890784,[0.8689462225095244],"[1.229789060285799, 0.4560461947171465, 1.0752053431677506, 0.6508469549227808, 0.5335254965982978, 0.5665887403048896]","[0.9243043190997634, 1.0126953078688545, 0.5062044388754894, 0.8892100442406561, 0.585953820758417, 0.5936812830900603]","IG(3, 4)",mode,20,0
mfego MF,True,1.0270702063035768,2.7050507915278184,0.704,0.15171100000225124,0.01879919999919366,[0.6705576211710208],"[1.8728722856955078, 0.9513443728908451, 0.8833719771266536, 0.45221317513702514, 0.8015976951585154, 0.2724036798304786]","[0.6812185915615758, 0.8609891290588942, 0.4076512122774324, 0.9200646242354976, 0.6002314208521885, 1.2929514556177928]","IG(3, 4)",mode,20,1
mfego MF,True,0.986796553092459,5.267460740260182,0.632,0.12122550000276533,0.024663500000315253,[0.9205656465195965],"[1.3957009359833994, 0.21133194212756964, 0.8916708448137709, 1.3941143974121124, 0.4219365135264548, 1.2347464145011586]","[0.34367886998057073, 1.150536289931556, 0.7786943310228215, 0.8647021347343543, 1.1327985938151857, 1.0819716850022314]","IG(3, 4)",mode,20,2
mfego MF,True,0.8844858660078531,1.5364306111765837,0.778,0.11693920000107028,0.022536000000400236,[0.7320913782539726],"[1.1152355885290537, 0.7416609466234512, 2.029906126193148, 0.5928518779082065, 0.38926535138211676, 0.3281575209222941]","[0.6856103579588917, 0.4417230203636996, 0.8498247088793786, 0.7030909945080208, 0.7705782292898548, 0.8648789816590782]","IG(3, 4)",mode,20,3
mfego MF,True,1.0576675356314684,2.726400118276276,0.7245,0.09377139999924111,0.019021500000235392,[0.8363210692607962],"[0.6633766652026487, 0.47693717407414055, 1.858780771514994, 0.5906230636370113, 0.8439313167030847, 0.6355171344498175]","[0.4617153548463176, 0.4459465474364401, 1.1610049095006922, 0.8764646087286108, 0.6334172014815894, 1.279121609728394]","IG(3, 4)",mode,20,4
mfego MF,True,0.8987053059057676,2.2259069478646976,0.7785,0.1371294000018679,0.014398100000107661,[0.8233593823515388],"[0.3327111518321739, 1.4661129348654296, 1.348174264588887, 0.641520857533202, 0.7418699469663892, 0.2282857155566339]","[1.0302713122629819, 1.0815623462613537, 0.6274664709413653, 1.0509299792736506, 0.39720001928741927, 0.6389933103240863]","IG(3, 4)",mode,20,5
mfego MF,True,0.9358302091617866,7.7104726326882576,0.692,0.09711999999854015,0.022848399999929825,[0.8853877669830338],"[1.078111514461096, 0.29134596163512344, 0.6907328784173268, 0.512111250166983, 0.8783763969237122, 0.6434302692916876]","[0.9067347895925781, 0.4576832737470003, 0.6955343235353338, 0.8964197034511542, 0.5548965770300773, 1.244734193640695]","IG(3, 4)",mode,20,6
mfego MF,True,1.016926736612541,1.3422311174714672,0.8345,0.09614500000316184,0.020544400002108887,[0.9459583739515951],"[0.3997474194084091, 0.4522840274083216, 0.5906292721800471, 0.6348302902459732, 1.2056233684553592, 0.5661052284525665]","[0.7440019963432992, 0.6026418262927253, 1.1185895462897328, 0.5995278875909403, 1.4266929778569704, 0.42776390094783046]","IG(3, 4)",mode,20,7
mfego MF,True,1.3315087506303722,1.1850763311865167,0.8285,0.10348650000014459,0.022638200000073994,[0.8826498856969544],"[0.4507234523551147, 1.0815957616299599, 1.3694074730501657, 0.6732657053295528, 0.7125129687091709, 0.36911288063489417]","[1.230269686020565, 0.5750978253251382, 0.9849301090141893, 0.9519895931507066, 0.6931041343903352, 0.4670113041338153]","IG(3, 4)",mode,20,8
mfego MF,True,0.8828237514917694,1.7447325713279802,0.7895,0.09626510000089183,0.02186019999862765,[0.8219575416016456],"[0.5188849669542448, 0.8465475029356236, 1.0376870877625786, 0.3946059593635979, 0.5132489032899482, 0.5604471088495715]","[0.6265974870391422, 0.9041608731763681, 0.641167166006197, 0.8350379322303877, 0.991419473647133, 0.7888583759521195]","IG(3, 4)",mode,20,9
mfego MF,True,0.9272113025067327,1.156762803040859,0.801,0.23881700000129058,0.0368890999998257,[0.7918896180611037],"[0.21012932658075084, 0.4325549829716966, 0.8158326379302072, 0.30979194564720575, 0.6285233917257255, 0.9879405154787068]","[1.0037049364808983, 0.5785683450389377, 0.506712738407518, 0.3797754354992782, 0.7439067445649492, 0.5975060645640584]","IG(3, 4)",mode,40,0
mfego MF,True,0.8754814103211427,0.4464015446276899,0.899,0.21444939999855706,0.030012800001713913,[0.6314421212613601],"[0.5902612080876728, 0.27837693114090506, 0.259457928889972, 0.262502119296645, 0.40465879756260514, 0.9956201440339568]","[0.9099743552200867, 0.5532275616075369, 1.0051125047685332, 0.5636689930413689, 0.6768636302885258, 0.45857887145200993]","IG(3, 4)",mode,40,1
mfego MF,True,0.8350829370601388,2.868673801670634,0.766,0.21316920000026585,0.030917199997929856,[0.9027731190674914],"[1.1978099091412298, 0.2969140478620498, 0.7509723037722683, 0.906450367543107, 2.1826916359960724, 0.26776820633848425]","[0.45055080112894624, 0.6868866974380204, 0.8309604871202714, 0.6122746808650781, 0.6553457735985866, 0.3238546872624715]","IG(3, 4)",mode,40,2
mfego MF,True,0.8577747380512224,0.36239669743731656,0.9395,0.23780970000007073,0.037750200001028134,[0.7700287847069656],"[2.8236006715142636, 0.3658573343027994, 1.2069160981244398, 0.13742780695333615, 0.53340291531623, 1.4220063239294765]","[0.43607225744452793, 0.40663680716726497, 1.6565323391619582, 0.6957087942252116, 0.4487875235370699, 0.38479922247996806]","IG(3, 4)",mode,40,3
mfego MF,True,0.8701022000875044,2.062154437140218,0.76,0.2143885000004957,0.030777799998759292,[0.9086134393407337],"[0.40605078860040505, 0.2016631861852566, 2.1749614471212873, 0.5313869575294162, 0.4275779150148943, 0.44912761051076755]","[1.18142470606295, 0.7145982825806743, 0.4799200794635893, 0.9105656461240506, 0.3551210851799394, 0.7566684816388192]","IG(3, 4)",mode,40,4
mfego MF,True,0.7671365198739794,1.241952408101009,0.795,0.22698119999768096,0.03813880000234349,[0.859365254583158],"[2.3824685933401173, 0.257120574538645, 0.4563011337770347, 0.49085037990855934, 0.4806874142240236, 0.3350391749373633]","[0.7837754124361966, 0.5482947714756241, 1.0061442195574593, 0.5398319263872108, 0.4637761780981106, 0.7519505125637244]","IG(3, 4)",mode,40,5
mfego MF,True,0.857956304600054,0.7677017357144424,0.851,0.23623070000030566,0.043808099999296246,[0.8385647022917516],"[0.23385413420138443, 1.961543742988687, 1.2825245682248148, 0.44723125912018735, 0.3664075710989459, 0.4940154157393485]","[0.6572265687046477, 0.5932792356723148, 0.9821623776652624, 0.5355589263638134, 0.32242377952370666, 0.9450387207097818]","IG(3, 4)",mode,40,6
mfego MF,True,0.9362409438125117,0.5748826688532104,0.89,0.31821909999780473,0.02850880000187317,[0.8977300610957386],"[1.4763981102464598, 1.1534156744462234, 0.2002835479748466, 0.16862450851766927, 2.4551874654582453, 0.4810334017566616]","[0.31555930877077004, 0.552738004898064, 1.563692609949974, 0.7737399132281942, 1.2813784870125604, 0.2552090977554248]","IG(3, 4)",mode,40,7
mfego MF,True,1.1197631620026183,1.0905908951777175,0.848,0.26042560000132653,0.029334799997741356,[0.8232681332467306],"[0.45099662769500776, 0.3503688548995032, 1.1729615955067845, 0.16493206844179018, 1.1147268961385426, 0.3983009186660958]","[0.2015070265733704, 1.6654005768186564, 0.5079289672643804, 0.6143893631182429, 0.38778966280429383, 1.083954341476767]","IG(3, 4)",mode,40,8
mfego MF,True,0.8258630158843544,1.4883266665127928,0.764,0.21224780000193277,0.037698899999668356,[0.8017456815901642],"[0.8633535334999853, 0.53822470489573, 2.182619125616841, 0.3587944017677553, 0.4162717768349593, 0.5344313282681814]","[0.40706649454392896, 0.3542837524494861, 0.9306235923253887, 0.6500419559408175, 0.6116455209689665, 0.888347770198503]","IG(3, 4)",mode,40,9
mfego MF,True,1.15639621138398,4.2286194436462985,0.6435,0.05567159999918658,0.0027657999999064486,[0.9550328757492154],"[1.2086602448239339, 2.3864717609082344, 2.3853438281228887, 1.5472131343858915, 2.4538226322246306, 1.549909808267357]","[2.1582407966602335, 1.6993056323705993, 1.598114228789566, 2.1118020621064315, 2.3509631286911903, 1.8255288810345842]","IG(3, 8)",mode,5,0
mfego MF,True,1.0036028707998836,54.8456279663099,0.302,0.061538100002508145,0.0029202000005170703,[0.9937636851153261],"[0.8035767315136206, 1.82776472340647, 1.964040856302882, 2.4239584008044424, 2.839959091243483, 2.2345094170612407]","[2.0312341203418565, 2.0701401206583108, 2.22967382343818, 1.7521814539093654, 2.397943656556166, 1.4935583043361025]","IG(3, 8)",mode,5,1
mfego MF,True,1.022188695229331,9.12985902827473,0.633,0.060584999999264255,0.0034401000011712313,[0.9146148571115094],"[1.5787013950358182, 1.7687139755970374, 1.5203452485284181, 2.4441724473927673, 1.480539602464584, 2.0542242089919993]","[1.5593694293306997, 1.8087796993031764, 1.890442420666969, 2.4087807212042445, 1.8440499101502672, 2.060941356027927]","IG(3, 8)",mode,5,2
mfego MF,True,1.1374390293396561,5.8118070930248305,0.5725,0.06369259999701171,0.0027874999977939297,[0.9509276692308268],"[2.1832816803397224, 1.1423109506110616, 0.9703747753358519, 2.3950428698939414, 1.9386493545175176, 1.842897329307084]","[2.143049707503074, 2.1086013165256072, 2.152413293065784, 1.4091562452769861, 1.9910983636745236, 1.8782256911523383]","IG(3, 8)",mode,5,3
mfego MF,True,2.6269299466826457,3.083889078468024,0.5795,0.05498819999775151,0.003204699998605065,[1.0993415704299285],"[2.1596097765889257, 0.9342984098154534, 2.1184085394295087, 2.077956271102529, 1.8094861738255705, 2.0672748630352413]","[2.2367371665391254, 1.6673074344501257, 2.05742181133142, 2.216024201219895, 2.4557804897980016, 1.3617478796625042]","IG(3, 8)",mode,5,4
mfego MF,True,0.9508438035943261,15.97644279772968,0.6625,0.0734612999985984,0.002703099999052938,[0.9953655631306062],"[1.4410302374845754, 1.9715672982423658, 1.065565106649502, 2.4334897870431966, 1.4753612610848232, 2.19133418149444]","[2.4442746905370942, 2.231915343391118, 1.6305705776584696, 1.7027904863567365, 1.6964058535471762, 2.2397983059272275]","IG(3, 8)",mode,5,5
mfego MF,True,1.4231123997545352,1.474182924921107,0.7565,0.056578600000648294,0.0030698999980813824,[1.276834150371248],"[2.2584159687491603, 2.0962899099062526, 2.0778409248910648, 2.0860213753128893, 0.8952447703386281, 1.8001068680768215]","[1.8342730898699313, 2.040252647925991, 2.0162849146251416, 1.4948677287540426, 2.132436800968701, 1.9215159624920048]","IG(3, 8)",mode,5,6
mfego MF,True,1.075492238314537,17.836357115252977,0.4435,0.06878420000066399,0.0027319000000716187,[0.8857993375514591],"[2.824823809362054, 1.117032017175774, 1.9323687710630966, 2.2100422734872858, 1.8841035226432314, 1.0301036717601222]","[2.066969886449162, 1.867879858509088, 1.7014505609710735, 2.1487817405689555, 1.3706511655652078, 1.7709078312829318]","IG(3, 8)",mode,5,7
mfego MF,True,1.1299016448610546,2.863402244726208,0.648,0.05343189999985043,0.003826100000878796,[0.9756353986762927],"[1.0181850816460531, 2.5357979280223737, 1.8834910945657959, 1.5038351651507975, 2.26648381164812, 2.1958487510871127]","[2.1756080881345903, 2.2512734225650037, 1.7520781502167075, 1.7225799828464923, 2.0489479075499153, 1.6078880387410752]","IG(3, 8)",mode,5,8
mfego MF,True,1.008846734391125,17.08895587498024,0.573,0.053919000001769746,0.002766199999314267,[0.9438003655945666],"[2.370752419338417, 1.264087361539426, 1.7755095355117454, 1.6216517338466807, 2.2847141412292507, 2.475374254896181]","[1.4160158545613681, 1.8108481400882277, 2.2077208190742983, 2.233692752270817, 2.4798818030421312, 1.935435899289239]","IG(3, 8)",mode,5,9
mfego MF,True,1.3120997532031338,1.6083543476622353,0.727,0.11203229999955511,0.007077900001604576,[-1.596737583806148],"[2.011731212189683, 1.0669434437988423, 3.462292012293355, 2.652804102081225, 2.1762972438699784, 0.6297278922316583]","[2.3564013515377917, 2.3666634013772647, 2.386972952534935, 0.9119967394440289, 2.0276874884690694, 1.3170537148422472]","IG(3, 8)",mode,10,0
mfego MF,True,1.0860214492766511,6.235857029643145,0.478,0.08556689999750233,0.006345199999486795,[0.5432606528170506],"[1.6508219391427086, 0.6480942761399304, 1.1470907637102887, 2.0209455169765134, 1.2680489088360902, 3.3232406323285955]","[2.203083150953228, 2.2425647905009907, 2.6882342969221615, 1.0702689028792143, 1.3661868594914743, 1.8290999123626754]","IG(3, 8)",mode,10,1
mfego MF,True,1.115310888067275,3.6411920888609055,0.599,0.07888280000042869,0.006592000001546694,[0.4757801494743986],"[2.148883578521375, 1.526041807809393, 1.120155472719687, 3.362312268241952, 0.70711854551239, 2.4834631475754714]","[1.0161572023220047, 1.8864212451812414, 1.7917400585803158, 1.5566654758569338, 1.96790144574313, 2.2043730672170865]","IG(3, 8)",mode,10,2
mfego MF,True,1.4002250279610016,3.7921493001755184,0.564,0.07380170000033104,0.006517599998915102,[-0.6023346692640856],"[1.4350744230423131, 1.965423099609782, 1.084018673175129, 3.9772178941957375, 1.4665288211967153, 1.281450176267032]","[1.52321912360688, 1.3544128189915514, 1.7559065458676417, 1.8465701323450427, 1.9515886011966668, 1.407530686869764]","IG(3, 8)",mode,10,3
mfego MF,True,1.5025563142250498,2.0522426979236132,0.6465,0.0807968000008259,0.0066050999994331505,[-1.3926553667686659],"[0.9649707749605391, 1.5281609756400707, 0.5764099018009764, 3.1534848131248947, 3.977012740421348, 1.663374299487131]","[1.783353207321395, 1.902515400446022, 2.246328660649076, 0.9914103829227656, 1.6850423219210382, 2.831015122123648]","IG(3, 8)",mode,10,4
mfego MF,True,1.5654617589017772,1.5556887970584043,0.7705,0.06997880000199075,0.006502600001113024,[1.6732821051817885],"[1.0586426277637044, 2.2808619807616393, 1.8387129401647562, 1.7519881213877941, 1.2116480778152166, 3.507591336773867]","[1.0851418428953679, 2.7135839754971114, 1.969588665348538, 2.2295021323485265, 1.0090463527636393, 2.102576297257612]","IG(3, 8)",mode,10,5
mfego MF,True,1.1644695466391717,5.680974754253155,0.503,0.06918430000223452,0.006437500000174623,[1.4894118778598824],"[3.416139654650253, 1.0010685031665818, 2.9822496134324994, 1.015197787108059, 1.7824484030087295, 1.2266093267166602]","[1.5425257877905174, 2.251605025323331, 2.1532654423572217, 1.6393988978473824, 1.1693177065849547, 2.1576893109569215]","IG(3, 8)",mode,10,6
mfego MF,True,1.9894079728439382,2.7412044923084977,0.645,0.08779869999852963,0.006578900000022259,[0.07180323605371236],"[1.5329402311832445, 3.203510190089603, 1.0903949285778771, 0.608175425844911, 1.7457414128036233, 1.4256167403248794]","[0.8867222679275304, 2.18820231509571, 2.132571418774013, 2.479666665531021, 1.4248063210300013, 2.1015373856860147]","IG(3, 8)",mode,10,7
mfego MF,True,1.0589511915757381,17.245558811482596,0.522,0.07166510000024573,0.006629100000282051,[1.0413907643974638],"[1.4683718179749785, 1.0210869363601025, 1.674959904119759, 2.301410527175845, 1.2341745037344283, 2.3515205190017743]","[2.4561290094612755, 2.0804253814609526, 1.0229978745623312, 1.891395995347071, 1.9678117098710168, 1.3828268400315602]","IG(3, 8)",mode,10,8
mfego MF,True,1.1214893121157379,1.8556943487449098,0.7575,0.0659443000004103,0.006593800000700867,[1.773655275089383],"[0.6154818862907261, 1.4920211896070819, 2.5927117694647333, 2.2321317031939136, 0.9984420487391321, 1.7210900963652764]","[2.623562620390633, 1.9205326834403282, 1.3002071270414164, 2.0716327893790454, 1.7423294229874078, 0.970252029765125]","IG(3, 8)",mode,10,9
mfego MF,True,1.0471645228493485,2.9269019541710377,0.7055,0.11568850000185193,0.018412900000839727,[0.847703590547062],"[3.4785003142297417, 0.8666625871029562, 1.6127102057999243, 0.8911649255014342, 0.693483762417503, 0.9243705990837002]","[2.3486203460992714, 2.2292560864696545, 0.905729406818609, 1.541375222403154, 1.0707509579767902, 0.929989532938462]","IG(3, 8)",mode,20,0
mfego MF,True,1.1806143506318936,3.921317090005237,0.5935,0.12140419999923324,0.02281129999755649,[-0.12461007494734287],"[2.8280196855486084, 1.416470694363801, 1.3601411689176863, 0.6173891849335961, 1.5229000789041507, 0.36108816960110635]","[1.172218177589324, 1.4476190769040065, 0.7140414629173083, 2.2530723165165227, 1.6539567774949355, 1.5928676568508038]","IG(3, 8)",mode,20,1
mfego MF,True,1.0683822913765508,6.789508272938195,0.5045,0.15059919999839622,0.01592059999893536,[0.48164563994803994],"[4.079844490548497, 3.284475398103642, 1.0411522651143195, 0.687019759602221, 1.0040020129197569, 0.4167451193660521]","[0.6456565505120683, 2.0287923233747684, 1.1279424415133654, 1.3319394626681584, 2.2049164787923647, 2.146460683176451]","IG(3, 8)",mode,20,2
mfego MF,True,1.2429783495317792,3.7145334357759445,0.528,0.10907050000241725,0.02441250000265427,[-0.35115482362065625],"[2.066618789741771, 1.11745230149205, 3.6876919663970145, 1.0479693218628374, 0.5575849332194118, 0.39936031534562544]","[1.0981499692933963, 0.9573429453582352, 1.2850717333230828, 1.0977374531622617, 2.756299954967287, 1.8303072522405477]","IG(3, 8)",mode,20,3
mfego MF,True,1.3728943993246991,6.486293075151737,0.5225,0.10241939999832539,0.024215200002799975,[0.03897480690243502],"[1.1819692073443706, 0.7550891608027007, 3.964121268956146, 0.9914113702143693, 1.2880728957191407, 0.8931600130826272]","[0.6965792208328029, 1.1892555562142717, 2.6830446347714063, 1.8495482226645534, 1.3058323894287158, 2.9377362259977717]","IG(3, 8)",mode,20,4
mfego MF,True,1.0099364142242173,4.195041901555002,0.6585,0.10236989999975776,0.02721449999808101,[0.2757401177742667],"[1.36233053612398, 1.523747578291396, 0.48851149181761533, 1.2190923520459354, 1.117800529507036, 1.2721839412149494]","[2.0689569553942295, 1.9509063938816977, 1.1718952814332435, 2.232538201179209, 0.6368108444937074, 1.3490328978048434]","IG(3, 8)",mode,20,5
mfego MF,True,1.0054626077932394,14.847461162408852,0.48,0.13120039999921573,0.014669199998024851,[0.5019745000130232],"[2.3599976661199027, 0.42733765337359375, 1.2469112890710277, 0.761108144103264, 1.5307480293814433, 1.183963257301853]","[2.259494839090276, 0.8820603142031243, 1.783590542338363, 2.479181913031573, 0.8005691594338116, 2.1182823127486903]","IG(3, 8)",mode,20,6
mfego MF,True,1.283956633764182,2.9565991209403766,0.699,0.10793389999889769,0.01735729999927571,[0.8436382214695246],"[0.5952432145429054, 0.7160420883731763, 1.0136025755467588, 1.2917825712886195, 1.7403356995717298, 2.024281222022023]","[1.1969328366714453, 1.4733862607247266, 1.7191101489815792, 1.6113382163509133, 3.3093219573697477, 0.8004163720129948]","IG(3, 8)",mode,20,7
mfego MF,True,1.8578511276558896,3.645229606620679,0.5555,0.1352448999969056,0.013519000000087544,[0.6366161990732059],"[0.8829198289879527, 0.7521350118826259, 1.6092134438495695, 1.5017308430159668, 2.679639589302886, 0.7350390297544731]","[2.546533949905186, 1.3418613362804004, 1.7332978530734926, 2.186378596736329, 1.6092911122969382, 0.7948459253577062]","IG(3, 8)",mode,20,8
mfego MF,True,1.0294011102323217,4.4904434538790134,0.5745,0.10585440000068047,0.015555400001176167,[0.24214569139010203],"[0.8753541116214191, 1.6582259047892325, 1.53962398370061, 0.6828982729746056, 0.9169524124383015, 1.302957566226523]","[0.9336581565063853, 2.004954470762419, 1.490242379687503, 1.5858688483118752, 1.7348945427299731, 1.3962721138579748]","IG(3, 8)",mode,20,9
mfego MF,True,1.2565416745194329,3.312781306260162,0.627,0.2064795000005688,0.02877480000097421,[0.47314155783534173],"[0.262742991522256, 0.6913976194130704, 0.9133935281806033, 0.4547917539306027, 0.8737378115460726, 1.0983340731902267]","[1.8304076583140954, 1.1885629385906777, 1.0804952178414216, 0.4585246350294831, 1.1584186221657973, 1.1152100860357612]","IG(3, 8)",mode,40,0
mfego MF,True,1.177623859493201,1.7574965087653744,0.697,0.28246800000124495,0.03188850000151433,[-0.15986435838893134],"[0.9092628287688063, 0.3443211620674572, 0.31217813475945455, 0.3232954894734738, 0.5616585617341883, 1.5375266021088565]","[1.7196987124074574, 1.623538436889229, 1.4588674021500403, 1.2219992137955777, 0.6834563189819547, 0.852718400814138]","IG(3, 8)",mode,40,1
mfego MF,True,0.8731766181467827,4.421846858735884,0.6375,0.23622270000123535,0.032804800001031253,[0.6102024510377975],"[1.51471700889725, 0.41166029003049204, 1.0704496038697986, 1.2763038986335085, 4.0094890463351875, 0.3683552020818406]","[0.5285399274052889, 1.193417377228439, 2.1957415571344256, 1.021025167722384, 0.97019957207, 0.6186690122128377]","IG(3, 8)",mode,40,2
mfego MF,True,1.4125888518161145,1.2142263529443884,0.787,0.3333225999995193,0.03414420000262908,[-1.4821796314253342],"[3.8627869451583927, 0.47930449486245474, 1.254646400433218, 0.1745870873842967, 0.8854087815683583, 2.5984870839286134]","[1.1631884633790839, 1.0449089979460784, 1.487394999219844, 1.420526833268097, 0.9549684877030011, 0.5227848294211441]","IG(3, 8)",mode,40,3
mfego MF,True,1.0612332720715791,4.482184242834522,0.589,0.24741999999969266,0.04143879999901401,[0.3434639747591447],"[0.47420117221536395, 2.499237984438841, 1.2847490946051567, 1.479696772958071, 0.3447938182865275, 0.6878636432439917]","[1.9544290729970089, 1.2474559271114614, 0.6364904189850409, 2.632850949199717, 0.5674293389365451, 1.2805433691324155]","IG(3, 8)",mode,40,4
mfego MF,True,0.892030437717458,2.8249329529555864,0.6905,0.2523213000022224,0.04105100000015227,[0.7313808955470834],"[3.654218755382751, 0.3017424291668903, 0.6465801121686698, 0.613788723986099, 0.7445540801412528, 0.42003256285307033]","[1.6364936530998315, 0.8277555606846996, 2.0605319506262405, 0.7742867366201784, 0.6946675228111872, 1.5642158253951797]","IG(3, 8)",mode,40,5
mfego MF,True,1.2270458096364563,1.9430655412452464,0.671,0.23169839999900432,0.03843919999781065,[0.5234469618552007],"[0.31760063185243875, 2.7266906596305365, 1.6751408643639338, 0.6414184677363071, 0.545176469198266, 0.5557087620421504]","[0.8024380297840612, 0.8097819674632634, 0.9151510109652183, 1.2329765169897362, 1.0657923763069235, 1.8183793815768883]","IG(3, 8)",mode,40,6
mfego MF,True,1.1143031150684224,1.1790942260314845,0.818,0.2980328000012378,0.029651500000909436,[0.06525331366538431],"[4.749680544406716, 1.4475063140809057, 0.28424862450697214, 2.1199727817774985, 0.3454330046436058, 0.5190900789177954]","[0.4140202326724177, 0.6800986052479339, 3.029324907142023, 2.5122114834164457, 2.341547097535985, 0.5798400521935761]","IG(3, 8)",mode,40,7
mfego MF,True,1.4369389210337467,1.4550174288255522,0.7765,0.31102240000109305,0.03223799999977928,[3.121006053196682],"[0.5954219209946962, 0.4868697593171932, 1.7169129669984444, 0.23901621866751419, 1.3430886046659907, 0.599556466990357]","[0.8893088827968336, 1.4098404196639738, 0.7937252167244849, 2.3614982653831373, 1.539954078208105, 0.47356554176716936]","IG(3, 8)",mode,40,8
mfego MF,True,1.0388724966499394,3.9530560174841045,0.637,0.23331289999987348,0.03854499999943073,[0.5028238472063428],"[1.1997952859187109, 0.710303151156797, 2.9195380892345146, 0.4615112341704498, 0.5742821476067749, 0.7031618532627185]","[0.5198154091773781, 0.44607094883275483, 1.9702017284489166, 1.256266989241678, 1.4884770005451569, 1.4384955967996886]","IG(3, 8)",mode,40,9
mfego MF,True,0.9726187021805799,0.5657276780853765,0.927,0.04512020000038319,0.004294999998819549,[1.026160154034449],"[0.42685008862497403, 0.6187065754625676, 0.6034762620552542, 0.5920775139195495, 0.5827039242831925, 0.4284466326284292]","[0.5263742074438543, 0.4464126214344235, 0.4999153636961105, 0.4797991920226938, 0.5297352623507573, 0.5034171944268607]","IG(1.5, 1.25)",strength,5,0
mfego MF,True,0.9942613460004402,7.494358752236661,0.7595,0.05398269999932381,0.0029747999979008455,[0.9950357129948875],"[0.36876748416776595, 0.46987269959880357, 0.37010673664546617, 0.4469580218581627, 0.4429499693467799, 0.4739556213137714]","[0.5019828048383567, 0.5100779703784464, 0.557902408632216, 0.45712333768396557, 0.6250854531944551, 0.4558677378588105]","IG(1.5, 1.25)",strength,5,1
mfego MF,True,1.032622812351757,4.606375631178793,0.7825,0.048915499999566237,0.0029928000003565103,[0.9996443725895093],"[0.4071980318889937, 0.43608184244221226, 0.5140416984280974, 0.43995101503946865, 0.4868501840522354, 0.32517600918521794]","[0.45141792464183006, 0.483484967715197, 0.43826212176925367, 0.48928689352994825, 0.47930524342295977, 0.4756458443700365]","IG(1.5, 1.25)",strength,5,2
mfego MF,True,1.0243909387480847,1.2190725337815966,0.857,0.051429600000119535,0.002855999999155756,[0.9919339523185552],"[0.4108910177939446, 0.3708445209347051, 0.3941929661215401, 0.3141631595901743, 0.34026542762703454, 0.4069730797513039]","[0.4885031407650898, 0.529565911280881, 0.46069469799633894, 0.39610326615026814, 0.48701979028210385, 0.4398774437993515]","IG(1.5, 1.25)",strength,5,3
mfego MF,True,1.6583652430546603,1.096685448857032,0.991,0.06578609999996843,0.002824500003043795,[0.9801414659955208],"[0.8218930666417454, 0.3000942013154572, 0.8426043469978541, 0.44492826717393685, 0.6232450256119169, 0.6239752782700049]","[0.4947885637556377, 0.4408958748476082, 0.48505440383611154, 0.49988730488538924, 0.5072961862993562, 0.4273231517021093]","IG(1.5, 1.25)",strength,5,4
mfego MF,True,0.9446585249539652,3.5030319615350316,0.827,0.04341700000077253,0.003090300000621937,[0.9917520644984423],"[0.4118470141529961, 0.5372502042266615, 0.45136193123415086, 0.5695508637357986, 0.3887462639044431, 0.5265753883487828]","[0.5375759016040822, 0.5458639830588825, 0.5248909296762783, 0.49538229598060357, 0.4612788654504306, 0.5298273158730449]","IG(1.5, 1.25)",strength,5,5
mfego MF,True,0.9811099685716633,0.4840404978372288,0.96,0.04594619999988936,0.0027914999991480727,[0.9942722641994266],"[0.5251562467712223, 0.49975950108423634, 0.5381331465197637, 0.41649059544506833, 0.4137128678885422, 0.4995245932681454]","[0.479268562267301, 0.4414039864080097, 0.47226115824353987, 0.45635361281047676, 0.4659659462165497, 0.4699705980795462]","IG(1.5, 1.25)",strength,5,6
mfego MF,True,1.043083672528954,16.863246828250944,0.6115,0.05386229999930947,0.003084200001467252,[0.9956287204223748],"[0.5708020359664716, 0.42903192903132775, 0.4129743137367965, 0.43200693493669484, 0.35535650095863597, 0.4189491212340722]","[0.48221740514102157, 0.4674065151133601, 0.4572285718140011, 0.5086197025025413, 0.3936057027265924, 0.4731613401983666]","IG(1.5, 1.25)",strength,5,7
mfego MF,True,1.0093389358580385,0.845566097789816,0.879,0.05749590000050375,0.0028129000020271633,[1.0030296219968415],"[0.4403643176590353, 0.6623566903431801, 0.5301689206186839, 0.33467621092639394, 0.5522915794466347, 0.5020308566770859]","[0.48058810274725516, 0.4854901991303627, 0.40597238863286716, 0.508453590900224, 0.49195051016519903, 0.4484002559425233]","IG(1.5, 1.25)",strength,5,8
mfego MF,True,1.0086694883923284,8.484622190490626,0.748,0.04478290000042762,0.0029461999984050635,[0.997790579975238],"[0.432534828586639, 0.3680570155146678, 0.6236707671412546, 0.4522626172608687, 0.5255998783567183, 0.5006203295722098]","[0.42225004001588534, 0.49136646136781176, 0.545851686023396, 0.5195888164757076, 0.5319529681514795, 0.435293982617286]","IG(1.5, 1.25)",strength,5,9
mfego MF,True,0.9418342310084837,0.6361895254722982,0.8925,0.10317990000112331,0.006484699999418808,[0.9620730562618471],"[0.17154332177470255, 0.7125682937557776, 0.9419430123611632, 0.6573170922218768, 0.2748720313156034, 0.5462252661898248]","[0.465441104113798, 0.3024782062274492, 0.3856699573219485, 0.32039655134608774, 0.37477767100631354, 0.4592891205040034]","IG(1.5, 1.25)",strength,10,0
mfego MF,True,0.9648115828098414,0.8319118976830974,0.872,0.08342879999690922,0.0072995999980776105,[0.9609548533667421],"[0.41385440643276594, 0.3503053374631392, 0.3684914867395431, 0.3893760884437379, 0.3363809491536323, 0.4803416541379722]","[0.4645081146694001, 0.45586564255961676, 0.7998106033965774, 0.5147926341208118, 0.49933422484764134, 0.5319270790789531]","IG(1.5, 1.25)",strength,10,1
mfego MF,True,0.8938148078655298,0.8659753091341892,0.888,0.059592900001007365,0.006570900000951951,[0.995269537576077],"[0.4210492947160745, 0.6094386776229149, 0.8438286172036693, 0.7531987454793772, 0.26038093180258876, 0.7697592086547929]","[0.4263879988074396, 0.4792632468709151, 0.5049822954822675, 0.35079437253286067, 0.49467428617280684, 0.40001254708984824]","IG(1.5, 1.25)",strength,10,2
mfego MF,True,0.9688265569996589,0.7674511861232367,0.8875,0.09977710000021034,0.006581199999345699,[0.9490502009252155],"[0.3166956026005156, 0.6101010543551473, 1.005558751432255, 0.9002442628962184, 0.4558921691242732, 0.3941897840926663]","[0.4268175940016822, 0.3901785063791379, 0.4875197343532649, 0.37606248428750455, 0.3867891552031069, 0.4274182161614784]","IG(1.5, 1.25)",strength,10,3
mfego MF,True,0.8677033738843262,0.41039981899123523,0.969,0.08035000000018044,0.006894399997690925,[0.9538636103479783],"[0.3788103255924017, 0.3581160348550365, 0.25255378053813365, 0.5418144616916998, 0.5447957965727656, 0.3393866713987372]","[0.35504218608651344, 0.4097840068837949, 0.4064593537293465, 0.4074142900354236, 0.44677261709700067, 0.4796330935581003]","IG(1.5, 1.25)",strength,10,4
mfego MF,True,0.9538715030610019,0.46845649304021175,0.9675,0.05684869999822695,0.00647930000195629,[1.0491386856753044],"[0.4791774435625878, 0.8189721362222265, 0.45281517068077953, 0.4290295054916319, 0.4153978300470194, 0.8961999619849642]","[0.38154498365474393, 0.5490054316155238, 0.5234804246026791, 0.5577031468177426, 0.4287587958239328, 0.45534078753392265]","IG(1.5, 1.25)",strength,10,5
mfego MF,True,0.9117441378511696,0.6102377568725476,0.899,0.07713229999717441,0.006645800000114832,[1.0376201206754827],"[0.6121368793633601, 0.2779245324151736, 0.5775440991051116, 0.3214051528820581, 0.4460444917315098, 0.3610209739750659]","[0.49050109745226306, 0.3953830700768253, 0.679730681473973, 0.3700513055851721, 0.5405279909764588, 0.6197611955233111]","IG(1.5, 1.25)",strength,10,6
mfego MF,True,1.1969346591421917,0.7252125827210701,0.9635,0.05146160000003874,0.0072212000013678335,[1.0007628060191573],"[0.5272046931723731, 1.0298059236614299, 0.9106289317324154, 0.18149411014096548, 0.5908599463879887, 0.5469475003404207]","[0.3332952697010168, 0.5408927167823906, 0.5525505417211105, 0.5452586798109379, 0.4379263646438389, 0.47490063660067927]","IG(1.5, 1.25)",strength,10,7
mfego MF,True,0.9993089769723482,4.837250135534031,0.766,0.06387470000117901,0.006830099999206141,[1.0000594140406298],"[0.6282069374971464, 0.3740965684915779, 0.9108036497358639, 0.8600362656388348, 0.47759647578148356, 0.9620743692245048]","[0.654403804518556, 0.5002047427198416, 0.36643576225162583, 0.5502689448781029, 0.3725464140543671, 0.5894197298276544]","IG(1.5, 1.25)",strength,10,8
mfego MF,True,0.9731152229987335,0.7830118861393307,0.8895,0.05964769999991404,0.006629899999097688,[1.0315007527203248],"[0.30699760114238717, 0.6435106707221186, 0.7774419884181017, 0.583064532169959, 0.32661529026166364, 0.4235296206879154]","[0.5760578812233355, 0.4991372601227804, 0.3527259038406707, 0.4846055627182049, 0.5790274146954045, 0.34527824869650864]","IG(1.5, 1.25)",strength,10,9
mfego MF,True,0.8380450621280595,1.0284801917007467,0.874,0.0985969000030309,0.014080099997954676,[0.9532691874399056],"[0.5505684054251525, 0.29778679359643595, 1.0780458078711659, 0.5164982789523354, 0.42141193143989697, 0.3793524230125066]","[0.4389374912030463, 0.5363788293637616, 0.3073336229032206, 0.6162633139882461, 0.3580979685962126, 0.4303909687054438]","IG(1.5, 1.25)",strength,20,0
mfego MF,True,0.9598824537706103,1.635660958120526,0.789,0.12160270000094897,0.015380000000732252,[0.8916889040463476],"[1.4769136761863388, 0.8500089252551004, 0.5881274134053416, 0.36934329775362085, 0.41673865053392317, 0.21440409331238142]","[0.5591076149384342, 0.7149471404019787, 0.27809059436248385, 0.4441426575977566, 0.3367163157236309, 1.0730972597266737]","IG(1.5, 1.25)",strength,20,1
mfego MF,True,0.9515646673352576,2.995200462517023,0.7425,0.12829469999996945,0.020784000000276137,[1.018836277690105],"[1.1525974512935375, 0.16172837927047237, 0.6507608927082389, 1.0122985606738675, 0.35365718587036143, 0.8620359883230445]","[0.22659461883815007, 0.7850431887399819, 0.6142462018658909, 0.5492871286256485, 0.8599565829596533, 0.5697943906739592]","IG(1.5, 1.25)",strength,20,2
mfego MF,True,0.8111123830561607,1.1532780914519511,0.8555,0.13538400000106776,0.022585099999560043,[0.9434665117941595],"[0.9044887219709138, 0.5982788649089256, 1.653347147664969, 0.4155955425998409, 0.3106723834518782, 0.2819755793289272]","[0.4666089061055594, 0.6607552118629162, 0.635313732308137, 0.27636153076721015, 0.27689855845242667, 0.7757510318276607]","IG(1.5, 1.25)",strength,20,3
mfego MF,True,0.8978039889966867,1.170294489489577,0.8565,0.13395269999818993,0.02392139999938081,[0.9415423290029704],"[0.2895553202234687, 0.2989793759850841, 1.3224763190585596, 0.3906561941973716, 1.2225976912241026, 0.6881677460919665]","[0.3664471632381523, 0.31696756472091747, 0.651800767451668, 0.5461343989244154, 0.3659028095354047, 0.29077805265760165]","IG(1.5, 1.25)",strength,20,4
mfego MF,True,0.8965450222331389,1.5770900378287145,0.8295,0.10923470000125235,0.01852560000043013,[0.9532892745326047],"[0.2725431168050541, 0.8878399459293185, 1.1921383323891686, 0.40329621002655, 0.41825757791523366, 0.17885305666561144]","[0.57942006563446, 0.8645526921775606, 0.38009692140744106, 0.6544152334364505, 0.2284194262130783, 0.4310787643800315]","IG(1.5, 1.25)",strength,20,5
mfego MF,True,0.9567751684133117,6.304818999340155,0.7305,0.09996849999879487,0.015065100000356324,[0.9651736844874254],"[0.5719269615662749, 0.19140252969168076, 0.4447332308480352, 0.42199578208715594, 0.4434917094002989, 0.3966655918222442]","[0.5280352637164157, 0.2989805496385914, 0.5428829293744905, 0.7214575386350529, 0.30559063999390773, 0.864939870142816]","IG(1.5, 1.25)",strength,20,6
mfego MF,True,0.9415980202068728,0.7249880757874172,0.884,0.1089337000012165,0.01985879999847384,[0.971053122482567],"[0.565567758301589, 0.5064710092454651, 0.4642220190987982, 0.29543171600287893, 0.9052239703350324, 0.18863263127133825]","[0.6264337861822601, 0.34447243240328623, 0.6136946374163882, 0.3094629743247037, 0.730307258176855, 0.2946693836315705]","IG(1.5, 1.25)",strength,20,7
mfego MF,True,0.9540956425139465,0.4458343539331458,0.9295,0.11519599999883212,0.02420729999721516,[0.9714892500648961],"[0.3311559348862212, 0.945727159812211, 1.4503343324917888, 0.46283459445553643, 0.5294696974254233, 0.2560361245621806]","[0.5366591913776033, 0.30412818715553525, 0.5678529746123883, 0.45875496974377206, 0.34350840326938004, 0.28310718124371703]","IG(1.5, 1.25)",strength,20,8
mfego MF,True,0.8490855130097646,0.834132985324499,0.8815,0.09399240000129794,0.021174400000745663,[0.9286917235545733],"[0.46708900413365245, 0.8273033917992116, 0.7819287984631551, 0.28741428041168177, 0.2828947273350547, 0.27381871810677866]","[0.40288147072559305, 0.5078188626141625, 0.3589775031224055, 0.4009582498709319, 0.6296677943634783, 0.5919424554369332]","IG(1.5, 1.25)",strength,20,9
mfego MF,True,0.7831910174152925,0.45625508725952385,0.8965,0.2522008999985701,0.03727429999707965,[0.8642370413537206],"[0.16342866874862028, 0.23880231400066929, 1.1915384902580723, 0.2524546558386751, 0.5213095471582735, 0.9993326710188242]","[0.5235837211057014, 0.36222209577587666, 0.4065722207053875, 0.3522780463649864, 0.5061158563602989, 0.5151961593630696]","IG(1.5, 1.25)",strength,40,0
mfego MF,True,0.8367942172966945,0.3170038416519681,0.929,0.1975916999981564,0.028674599998339545,[0.9121683968184603],"[0.44457205383971404, 0.23834001965632418, 0.2326127154066646, 0.2061931403445449, 0.3183335061588059, 0.6842037883113453]","[0.7517726339222679, 0.3452567457031885, 0.7617039321988933, 0.2670567901010691, 0.6676781608175218, 0.3734255586190088]","IG(1.5, 1.25)",strength,40,1
mfego MF,True,0.8564393330691801,2.1148566011764593,0.822,0.24897219999911613,0.03570969999782392,[0.9515587413877096],"[0.9765801749630585, 0.23020060492139277, 0.5931811716274317, 0.6753938850338358, 1.4279022800735826, 0.2149621712036677]","[0.32025427897751446, 0.5220345613014539, 0.5202887814153706, 0.43849337897589946, 0.5030469683787263, 0.2736258977056507]","IG(1.5, 1.25)",strength,40,2
mfego MF,True,0.708422817961842,0.21566323823510067,0.9715,0.23030070000095293,0.04137789999731467,[0.9293689692224234],"[2.969101623873035, 0.3210948563754643, 1.2480815921138124, 0.11062346761314927, 0.38337988902500464, 1.3441044099005708]","[0.29895861487244874, 0.24977741127264172, 1.0419391148723214, 0.4859447504924582, 0.334420209012194, 0.33816940023421105]","IG(1.5, 1.25)",strength,40,3
mfego MF,True,0.7879997728741128,0.9249545886785717,0.856,0.19811119999940274,0.03345719999924768,[0.9612125459009695],"[0.4196667888766245, 0.15877854953529183, 1.8922786944332675, 0.417131693420094, 0.38747090025255315, 0.21970953514953584]","[1.0536314432100098, 0.4747165943753186, 0.43949678361840644, 0.45946626989223116, 0.2535243287144189, 0.5264877005360346]","IG(1.5, 1.25)",strength,40,4
mfego MF,True,0.7178974915233891,0.5773957442392327,0.873,0.18582480000259238,0.028851099999883445,[0.9059505796474897],"[2.2105462989713915, 0.22072244834693103, 0.3728296794494205, 0.4516206004707232, 0.3914650780253517, 0.29062384037067385]","[0.46440655362589484, 0.41316597261854887, 0.6768120481522351, 0.4398898170038689, 0.34130905906620373, 0.5025122772472174]","IG(1.5, 1.25)",strength,40,5
mfego MF,True,0.7672882257704398,0.33354359983827664,0.9015,0.23028319999866653,0.038301900000078604,[0.9138870869099678],"[0.14012228659617018, 0.23386633756555575, 1.0054423174250904, 0.356126310487237, 0.3665276297070057, 1.319500113928535]","[0.4135766728687513, 0.4710447250860229, 0.7550068157941437, 0.3722333318631971, 0.25091458996740273, 0.6151190087748971]","IG(1.5, 1.25)",strength,40,6
mfego MF,True,0.835328739863814,0.3410772556947159,0.9395,0.2591363999999885,0.03216389999943203,[1.0041988925562526],"[1.333656888353252, 1.1248710989707231, 0.1737826420201653, 0.14564936569189357, 2.4986186017931056, 0.40192086138523114]","[0.1930771439816287, 0.4252635732798201, 0.8930595202454579, 0.4482484270500293, 0.8770332018185393, 0.19874275192106045]","IG(1.5, 1.25)",strength,40,7
mfego MF,True,1.056788739666896,0.8683824664761671,0.8655,0.29580780000105733,0.030908100001397543,[0.8952154414917427],"[0.38217604784331677, 0.26152832684743244, 1.0494581598169295, 0.1259824139190272, 1.126849262594455, 0.3196114286899725]","[0.1571283626859523, 1.4449819440584681, 0.33678477128150763, 0.49222940447664737, 0.30668098578862846, 0.9993785581004677]","IG(1.5, 1.25)",strength,40,8
mfego MF,True,0.7549487064668277,0.7130158469040434,0.846,0.20743990000119084,0.040060499999526655,[0.9007217057052408],"[0.6991957750837829, 0.4388172440965812, 2.108200309404645, 0.296600309050572, 0.33374101925516364, 0.44749483693680847]","[0.31170459403097317, 0.3043107317519383, 0.7635775798401636, 0.44205829556416926, 0.390432064033356, 0.6608669165161469]","IG(1.5, 1.25)",strength,40,9
mfego MF,True,0.9703727644879707,0.5500378112848698,0.9275,0.04535070000201813,0.004057099999045022,[1.026648387437259],"[0.46689575436109015, 0.5176487015619805, 0.5207273498043162, 0.5136204870657323, 0.5160083329251721, 0.4685507404844605]","[0.5058872101413037, 0.4857971028878862, 0.4992086130961835, 0.4943783177181833, 0.5065242838227835, 0.4979416193995509]","IG(10, 5.5)",strength,5,0
mfego MF,True,0.9946128027655623,7.030847658807153,0.7665,0.045593400001962436,0.004789999999047723,[0.9966581719242427],"[0.45792610378596843, 0.4892378653544926, 0.45739610086575905, 0.4819316906831629, 0.4839617155411497, 0.4835150239001754]","[0.49685915760095895, 0.49895488339647653, 0.5108418702165667, 0.4864523548656281, 0.5239859749256496, 0.4869726153544881]","IG(10, 5.5)",strength,5,1
mfego MF,True,1.0296304014070818,4.56805213977914,0.7835,0.044814800003223354,0.0028674999994109385,[0.9991152950781359],"[0.4683269884865404, 0.47310951358823744, 0.4989886779760533, 0.4781949585945224, 0.484664142396875, 0.4484785989929137]","[0.4860188977582463, 0.49474104131806995, 0.4827174225568227, 0.49670901687708524, 0.4937775262318022, 0.4932993988513215]","IG(10, 5.5)",strength,5,2
mfego MF,True,1.0253526593581959,1.2157880035662874,0.8585,0.05132659999799216,0.002929700000095181,[0.9897483386386905],"[0.46747705749146196, 0.44031176740653966, 0.4545700238234123, 0.4278631975235661, 0.4332585361077537, 0.4616198322566162]","[0.49615563345324515, 0.505893640337076, 0.4866263447949986, 0.4692128572167087, 0.49545526052700856, 0.479668884418969]","IG(10, 5.5)",strength,5,3
mfego MF,True,1.6697181113606903,1.102821904515216,0.9905,0.04352889999790932,0.0028762000001734123,[0.9601517975840621],"[0.5438552858551291, 0.4649443467251731, 0.5707279045361983, 0.4742209194946239, 0.49679650404482556, 0.514898784168225]","[0.4974384218442046, 0.48152053360019376, 0.4954507251528561, 0.4992114338690006, 0.5002772122341157, 0.4770528261509911]","IG(10, 5.5)",strength,5,4
mfego MF,True,0.9436185266770356,3.2860381183821628,0.831,0.0427648999975645,0.0027922000008402392,[0.9914476684815947],"[0.4693991811220938, 0.5058957923019847, 0.4838394744205094, 0.5101223472480366, 0.45397459923002165, 0.5056392535622816]","[0.5062008657473198, 0.5084533314377262, 0.5039863889217463, 0.4969443586191748, 0.4901934720517385, 0.5058979833639363]","IG(10, 5.5)",strength,5,5
mfego MF,True,0.9863293518880882,0.4893869280051567,0.9575,0.04252039999846602,0.0028426000026229303,[0.9945209324555279],"[0.5050462019756743, 0.4985479982247212, 0.5064715654814528, 0.4760049620584522, 0.47002767360148273, 0.4933883043275554]","[0.49448809090612555, 0.4850411041434039, 0.4920019415171869, 0.48773457336241166, 0.491107064876004, 0.49139679868992925]","IG(10, 5.5)",strength,5,6
mfego MF,True,1.0395009315174364,16.009956940650184,0.6275,0.04511770000317483,0.0028739000008499715,[0.9942823576026025],"[0.5151620919290959, 0.467306689212941, 0.4727687871830734, 0.4773813335372667, 0.4473359827410962, 0.4687572228613141]","[0.4934107013180252, 0.4885281990688873, 0.48674973549668377, 0.5010124925740737, 0.466387248734984, 0.4897886399698612]","IG(10, 5.5)",strength,5,7
mfego MF,True,1.0033371608899788,0.8149607154976087,0.881,0.0423681000029319,0.002786299999570474,[0.9973409019817479],"[0.4872851793425473, 0.535607107500785, 0.5013132689386033, 0.4269891997117694, 0.5062491444065358, 0.49562424971456576]","[0.49289557137228823, 0.49529211801831236, 0.4700047898262169, 0.5002275369846626, 0.4976955614972628, 0.485459840306577]","IG(10, 5.5)",strength,5,8
mfego MF,True,1.006958603853752,7.858381829204585,0.7585,0.043070499999885214,0.0029007000011915807,[0.9990520706897281],"[0.4832794942008229, 0.4359775642952321, 0.5396556883557062, 0.48418427063777697, 0.5020839668535906, 0.5030561949611685]","[0.4783878604333773, 0.4933387769605447, 0.5083482103152811, 0.5026202322463229, 0.5028064760720746, 0.4827674921843849]","IG(10, 5.5)",strength,5,9
mfego MF,True,0.9281398139447757,0.48912380530089944,0.909,0.05868039999768371,0.007965400000102818,[0.9032246673398431],"[0.3088714501385248, 0.46921758317603546, 0.5597491071702504, 0.4530711199357676, 0.45790230841945717, 0.4656597253610662]","[0.49029251200946616, 0.42961478800625663, 0.4497192061362616, 0.4173777711909551, 0.4521577047861404, 0.482375302699741]","IG(10, 5.5)",strength,10,0
mfego MF,True,0.9466999762183173,0.708148039484055,0.893,0.049286100002063904,0.007182699999248143,[0.9624152229790008],"[0.4681860046002383, 0.4266537349047329, 0.4429217748375339, 0.44483447853045427, 0.42260901872878287, 0.48278738807509564]","[0.48741515015708314, 0.4877337107751597, 0.5652296796003372, 0.49369574048150705, 0.4950334670144976, 0.5059560122251536]","IG(10, 5.5)",strength,10,1
mfego MF,True,0.8974107395020808,0.881700315624323,0.8815,0.049852000000100816,0.007676799999899231,[0.9880855286108682],"[0.48037242084233805, 0.524250803559916, 0.5270082975647575, 0.547680575432481, 0.360877885575909, 0.5241261437016047]","[0.47779491642781635, 0.484549485966676, 0.49822603785926967, 0.44392963664834306, 0.49302069092502415, 0.4757740646858342]","IG(10, 5.5)",strength,10,2
mfego MF,True,0.9863597424818971,0.8443745343133453,0.8795,0.05119080000076792,0.007541099999798462,[0.9169154316549644],"[0.4008880642081736, 0.5421809813396496, 0.5108314552857329, 0.6057429653622516, 0.46920257282415706, 0.4714245718050553]","[0.4789611687051914, 0.45756901807963823, 0.48541897487993224, 0.4609552143613925, 0.46313805577206646, 0.470047090246827]","IG(10, 5.5)",strength,10,3
mfego MF,True,0.8605415804641625,0.4196172781592043,0.97,0.049015000000508735,0.007542399998783367,[0.9259431951895286],"[0.4310635137866263, 0.4404313249764831, 0.4053135146814004, 0.4543264259169933, 0.4697721437566846, 0.44138164300935423]","[0.4494257277477491, 0.4724761834074423, 0.4692391374948121, 0.46044740066179873, 0.48122815687384707, 0.49587605036012555]","IG(10, 5.5)",strength,10,4
mfego MF,True,0.9315178340563555,0.46002012890527233,0.969,0.04867749999903026,0.007504499997594394,[1.0346043115863024],"[0.4876974927838915, 0.5882863113286704, 0.48151561508339735, 0.4658589707615431, 0.46482223896831915, 0.5869189610598223]","[0.45115942727046077, 0.5060159947085555, 0.5009604536336835, 0.5080956931903206, 0.4792296802950509, 0.4838026482054639]","IG(10, 5.5)",strength,10,5
mfego MF,True,0.9071425471050423,0.5432689885782319,0.9165,0.05014889999802108,0.007392699997581076,[1.032646201388049],"[0.48161671767510267, 0.39396778453233755, 0.5234313639672863, 0.4100000292997847, 0.48125619858359814, 0.43363480977233193]","[0.4922462021839051, 0.4774954549287531, 0.531657448398824, 0.4465131530161906, 0.5014844812674564, 0.5224679763056465]","IG(10, 5.5)",strength,10,6
mfego MF,True,1.2310987125919926,0.7571276458762629,0.966,0.05256100000042352,0.006908000003022607,[0.973586923920822],"[0.4529357817796265, 0.5662935558222959, 0.5181226200399076, 0.3168047573491123, 0.4639379912574303, 0.4762118761395231]","[0.4374378842386258, 0.49992839735693606, 0.5028183638424014, 0.4904864235196558, 0.4766249851584065, 0.49543434425182037]","IG(10, 5.5)",strength,10,7
mfego MF,True,1.0039294570282016,4.1766222091046075,0.7805,0.04923889999918174,0.006808000001910841,[0.996368033221555],"[0.5305125983065527, 0.455602121870305, 0.5412362986750244, 0.5789572108822645, 0.46566497304377735, 0.591841407217974]","[0.5312945212797429, 0.49945851699722116, 0.4317878796802206, 0.511243235283074, 0.45831300068500985, 0.5134817732999151]","IG(10, 5.5)",strength,10,8
mfego MF,True,0.9611762772186445,0.6647194467651847,0.8965,0.0373909999980242,0.007102200001099845,[1.030164459723751],"[0.40523743139944285, 0.508651391541306, 0.501346261608057, 0.506211688374214, 0.41514798773513917, 0.4607813907868659]","[0.5165913574756926, 0.48832251723402026, 0.44834878239678, 0.48640551561007384, 0.5074518822277496, 0.43454221354415135]","IG(10, 5.5)",strength,10,9
mfego MF,True,0.8283147323663609,0.9079123462901887,0.88,0.07547599999816157,0.015587800000503194,[0.943885677629702],"[0.5785044999129946, 0.3638273937299861, 0.5853878563269415, 0.48217993563479855, 0.43049691832606274, 0.4279971337298094]","[0.4901330231179084, 0.5023255267762118, 0.39642839970036653, 0.5549355450371772, 0.425875068562624, 0.45813083642742664]","IG(10, 5.5)",strength,20,0
mfego MF,True,0.9286512587050432,1.0819516826448297,0.826,0.07996180000191089,0.017133499997726176,[0.8731865892255661],"[0.5720175283442507, 0.5595216160206214, 0.4807101148345385, 0.47751875653485715, 0.4128395014003067, 0.2829517253090912]","[0.5036579423807195, 0.5182280938215528, 0.35599235200711105, 0.4735878652829217, 0.43248887119539076, 0.6359248627856156]","IG(10, 5.5)",strength,20,1
mfego MF,True,0.9141632424793785,1.5468982835266212,0.8465,0.07812850000118488,0.017624299998715287,[0.990200159318227],"[0.47727592376166555, 0.5082154678356573, 0.42167244399238, 0.4742710462742696, 0.3307159859176952, 0.37088397679681684]","[0.328936214475907, 0.520822461790358, 0.49724951336975665, 0.49852332648895514, 0.5424536882178951, 0.5051644026752151]","IG(10, 5.5)",strength,20,2
mfego MF,True,0.825971517129836,0.8304542185216178,0.872,0.08085209999990184,0.01615490000040154,[0.9048247733728415],"[0.6172119189583485, 0.5641924907070122, 0.8484673257308147, 0.44490865403136876, 0.33985915105703224, 0.31566727719038506]","[0.4955521383921643, 0.4077621543884492, 0.5258359277799042, 0.4210730247419239, 0.4375808305715389, 0.5219185709589896]","IG(10, 5.5)",strength,20,3
mfego MF,True,0.9159993426760437,1.1544112125047272,0.8545,0.08212540000022273,0.020596799997292692,[0.9043929480417748],"[0.42822603050117414, 0.37894955261483826, 0.6971616446697629, 0.43063066680392903, 0.5534081951773175, 0.5199287448098473]","[0.40708191427088825, 0.3923855406536682, 0.536134943743312, 0.48051916811056605, 0.435468049373463, 0.4260068766751552]","IG(10, 5.5)",strength,20,4
mfego MF,True,0.8665494417492466,1.0085502851679575,0.874,0.07720400000107475,0.02033849999861559,[0.9372903808718244],"[0.38544061327941376, 0.37304376639669373, 0.5375254450845995, 0.39328770583262346, 0.3688135922021798, 0.3270852560995628]","[0.523481215717945, 0.5914577044978329, 0.4529792094626992, 0.5150496106561053, 0.34310574522789966, 0.4409347179031966]","IG(10, 5.5)",strength,20,5
mfego MF,True,0.9361024591735957,4.142131785949694,0.7765,0.07383950000075856,0.017372700000123587,[0.950446905087837],"[0.5266859955488274, 0.26645652542503395, 0.46328402678566616, 0.44066023534905907, 0.5307369551100058, 0.4252659803376009]","[0.4956150737232985, 0.4016762807079276, 0.4876636332995241, 0.5244908317858363, 0.4122089222932808, 0.557417658811814]","IG(10, 5.5)",strength,20,6
mfego MF,True,0.9429517811738414,0.602163143150108,0.898,0.0773509999999078,0.018303099997865502,[0.9662262074578818],"[0.3894605258012987, 0.40695225914843336, 0.4270296068575188, 0.40021710812497574, 0.5850454006511836, 0.39274542288810443]","[0.4923761747238406, 0.41597163730207865, 0.528253100433333, 0.43932379277206024, 0.5422334320152119, 0.35351218342505414]","IG(10, 5.5)",strength,20,7
mfego MF,True,0.9841892990269681,0.5095696068773262,0.937,0.06266690000120434,0.02107140000225627,[0.9586289091951175],"[0.3814250686844153, 0.6290251333707755, 0.5958496160681577, 0.5009896282748668, 0.49114700952768764, 0.35864360165201303]","[0.5115031933704076, 0.40210762217431273, 0.5082907964328821, 0.46437243414239215, 0.41068197455442285, 0.38429228533730025]","IG(10, 5.5)",strength,20,8
mfego MF,True,0.8150172386613455,0.7840075082223807,0.8905,0.07912940000096569,0.01811219999945024,[0.9231133388340701],"[0.4100657536635347, 0.5317598077465905, 0.6319158306755855, 0.3412856250915751, 0.3957233846818055, 0.4117510810514185]","[0.44316267074555415, 0.489927843536863, 0.4456731382340011, 0.47788728649475, 0.5198687626562016, 0.5330729004903416]","IG(10, 5.5)",strength,20,9
mfego MF,True,0.7828576773612651,0.4685086023336841,0.892,0.15377299999818206,0.03244970000014291,[0.8495618315432413],"[0.22532791677472663, 0.43080297306018206, 0.5351935100056232, 0.3095167649995408, 0.45490461880596295, 0.5849510058590105]","[0.4861430026038213, 0.42870238027618857, 0.43327579228569907, 0.36298316829296173, 0.4980715242024794, 0.504295537795331]","IG(10, 5.5)",strength,40,0
mfego MF,True,0.7707961460838069,0.24137176139032016,0.9455,0.16435530000308063,0.03762239999923622,[0.8506152314080796],"[0.42106617968855264, 0.29421230242968366, 0.2560668924936939, 0.2807098265081317, 0.3275114151045048, 0.5163463882835918]","[0.529575392873256, 0.42539735311696947, 0.5713431055741339, 0.40834755936605716, 0.5435430592211341, 0.39306393506518283]","IG(10, 5.5)",strength,40,1
mfego MF,True,0.850233606260737,2.188101813619273,0.8135,0.1694374999970023,0.038202399999136105,[0.9444188820377938],"[0.6270451416392456, 0.22581571892396968, 0.5114862929677217, 0.6217827861023548, 0.603887141916027, 0.3099322385353029]","[0.391730179750882, 0.5110242526879757, 0.4863909138016037, 0.4681383989301799, 0.46908371958909956, 0.3269619353243162]","IG(10, 5.5)",strength,40,2
mfego MF,True,0.7013066622130248,0.23903500387170443,0.9715,0.17904790000102366,0.03827129999990575,[0.8596363633572973],"[0.7581876389732015, 0.40738147010478204, 0.3485392025849882, 0.20805888352770652, 0.3711538744216341, 0.4699233916432662]","[0.3621610335893299, 0.3547535547752521, 0.5866612110370074, 0.44795886076513863, 0.36197686913458543, 0.40386543340892117]","IG(10, 5.5)",strength,40,3
mfego MF,True,0.736129590151541,0.5873255771430467,0.888,0.18566420000206563,0.04194429999915883,[0.929322758373119],"[0.3574146231545194, 0.22545710461893373, 0.815684981861439, 0.45309540974927237, 0.34480509706084117, 0.360938469896965]","[0.6630423804247884, 0.4891658490545187, 0.4634534055096575, 0.46294031443549255, 0.3496024489696581, 0.4422957831538227]","IG(10, 5.5)",strength,40,4
mfego MF,True,0.7260573274925497,0.6671252939736732,0.8615,0.15271109999957844,0.034737699999823235,[0.9027293592852554],"[0.7053961711599237, 0.26296547019754185, 0.39667236360628205, 0.4793387478241307, 0.39432879279320915, 0.3284090982600387]","[0.4800958122978338, 0.4406213086617302, 0.5840027603152582, 0.47578397244882714, 0.3740004058066179, 0.5048891418826302]","IG(10, 5.5)",strength,40,5
mfego MF,True,0.77937791995797,0.30162110059074815,0.9055,0.18067449999944074,0.04078980000122101,[0.9206561218508761],"[0.25152555227274664, 0.5176775342296223, 0.556165162005244, 0.37799098001588033, 0.5001343937334466, 0.5048459222978993]","[0.4306444475809605, 0.46190096105831435, 0.630980670861015, 0.4199067189525024, 0.34969078802331255, 0.49967622475785217]","IG(10, 5.5)",strength,40,6
mfego MF,True,0.8544600110857735,0.354431324125837,0.9475,0.19835039999816217,0.031447599998500664,[1.0295192267369964],"[0.7018548186720229, 0.46791819047389716, 0.2033452203576444, 0.4170389507745954, 0.28036067975297424, 0.4128361276037359]","[0.2831353449784627, 0.40172744980446506, 0.5231841698150482, 0.4709569171313492, 0.539251481037582, 0.3656574269318589]","IG(10, 5.5)",strength,40,7
mfego MF,True,0.7648651977801268,0.30796049679175685,0.962,0.18153260000326554,0.037024199998995755,[0.8493207459655604],"[0.4225619046754529, 0.3987983903568565, 0.7570241842008111, 0.17499054243577014, 0.4042548853976626, 0.33779242962525863]","[0.33897619038433857, 0.43675525021602685, 0.441543561103759, 0.4386416509462573, 0.40811234574808447, 0.36747459210358746]","IG(10, 5.5)",strength,40,8
mfego MF,True,0.7213197532977009,0.6071383540000818,0.863,0.1789351000006718,0.037265900002239505,[0.8785420667439261],"[0.6191375944957553, 0.42582512901447356, 0.798801367887393, 0.32868535219040856, 0.3715033233008276, 0.4499916051747762]","[0.3951401095824175, 0.383398202784469, 0.5790904589597669, 0.46517529876398545, 0.40907970558437995, 0.5475453389724332]","IG(10, 5.5)",strength,40,9
mfego MF,True,0.9739331449676426,0.5726449122250414,0.9265,0.04186169999957201,0.003161500000715023,[1.0260674716520202],"[0.4136152885784492, 0.6177428183429768, 0.6020381795989838, 0.5951087816215818, 0.5871293019449654, 0.41662387018825126]","[0.5312595130602958, 0.42726173195698297, 0.5017088157682366, 0.47645588294623986, 0.5353035822811173, 0.510315481016798]","Gamma(3, 4)",family,5,0
mfego MF,True,0.9943543161982275,7.34864760337932,0.76,0.07987629999843193,0.0028138999987277202,[0.9950250461274076],"[0.3002219386518702, 0.49157482735388214, 0.29864723995948317, 0.4443207681707141, 0.4528499858405571, 0.5127501067911102]","[0.5047747514142282, 0.5147816243199473, 0.5644083807679331, 0.44775661101709346, 0.6241943840942258, 0.4419774915388227]","Gamma(3, 4)",family,5,1
mfego MF,True,1.0352343682526783,4.817145085410692,0.778,0.04483460000119521,0.003014000001712702,[0.9998585086692339],"[0.35552754428745587, 0.4986447299306567, 0.5345187853726331, 0.49685101133009657, 0.5639540163160023, 0.23562989905906256]","[0.4369759922769887, 0.48165084642933664, 0.41706280163674037, 0.4886153077156734, 0.4759861823748765, 0.46990899225541366]","Gamma(3, 4)",family,5,2
mfego MF,True,1.024214368610692,1.231046782080175,0.855,0.07001499999751104,0.002761899999313755,[0.9925611768986299],"[0.40823918865950776, 0.3791081957260616, 0.39381187185346733, 0.22441391972491548, 0.2959037571244016, 0.41028009715317854]","[0.4894811793773282, 0.5374413016139484, 0.4643617454710221, 0.3402318396615619, 0.48776836485584446, 0.44379304941319414]","Gamma(3, 4)",family,5,3
mfego MF,True,1.653485377316345,1.0947732091255207,0.9905,0.06073560000004363,0.0026316999974369537,[0.9877460810922412],"[0.8133057521010588, 0.2261933103143232, 0.7835008952464201, 0.48427714506496566, 0.6478717452141588, 0.6171333745465215]","[0.49692111962503493, 0.42528831509483833, 0.4836397486576177, 0.5015946291928677, 0.5121606627183345, 0.4051681553837472]","Gamma(3, 4)",family,5,4
mfego MF,True,0.9451607291942764,3.5393115521078817,0.826,0.041238500001782086,0.0030392000007850584,[0.9917938605848109],"[0.38983434608587514, 0.5420868821648754, 0.4414415330204709, 0.576642928389703, 0.3632536328154903, 0.5284914085589897]","[0.5459564289623203, 0.5545753530594485, 0.5322413274351749, 0.4977876836633295, 0.44885480896765345, 0.5358276048108949]","Gamma(3, 4)",family,5,5
mfego MF,True,0.9802961745241903,0.4827960002577519,0.962,0.04542390000278829,0.0027675999990606215,[0.9943889659666837],"[0.5272422597997983, 0.5076526927162432, 0.5451244249599829, 0.38012511021034134, 0.3939186611792952, 0.5094248069712263]","[0.4757979590166626, 0.4166388679854325, 0.4666567385575075, 0.44387169314201996, 0.45722395453272285, 0.46430569256870446]","Gamma(3, 4)",family,5,6
mfego MF,True,1.0463232318130447,17.263098670862703,0.599,0.06667620000007446,0.002810399997542845,[0.9961760689648032],"[0.580296394827678, 0.46309471219255655, 0.4031461351578623, 0.4148689640217741, 0.27724746298377634, 0.4062290370984465]","[0.4856758049951604, 0.47022459976427794, 0.45437537805566336, 0.5129393496724702, 0.34780687600083904, 0.4746841985847781]","Gamma(3, 4)",family,5,7
mfego MF,True,1.0128200819544944,0.8637035443320916,0.8765,0.0429599999988568,0.0028902999983984046,[1.005533722794671],"[0.42464239027567946, 0.6477121572121113, 0.5364256171120911, 0.2923165640058639, 0.5544582263942454, 0.5057391444746004]","[0.4822994453861302, 0.48524986519171737, 0.37380008008390997, 0.5141433521883162, 0.49089513099049575, 0.43359909090208]","Gamma(3, 4)",family,5,8
mfego MF,True,1.0093937591701356,8.691923122199666,0.743,0.044141800000943476,0.0027904000016860664,[0.999006335569989],"[0.4084243359141739, 0.33969382864480013, 0.6158129201560497, 0.4435107481700764, 0.5318582070601048, 0.49753278588335537]","[0.39149773498182755, 0.5013148307399037, 0.5564576228971096, 0.5272118627366772, 0.5455192542489422, 0.414786952083718]","Gamma(3, 4)",family,5,9
mfego MF,True,0.9319025123351816,0.8643246974301795,0.8795,0.1071193999996467,0.008541499999410007,[0.9821355871296269],"[0.450257609862624, 0.6202792808360369, 0.6324892113982441, 0.09481089801985498, 0.6372801990222124, 0.4485484607480964]","[0.46566239686562066, 0.5222027957265576, 0.5339338377615175, 0.46865347972631294, 0.13118359956067158, 0.512177324467745]","Gamma(3, 4)",family,10,0
mfego MF,True,0.9671714897158323,0.8163451587849456,0.876,0.09566370000175084,0.00836899999922025,[0.9631201885092294],"[0.4049623604178168, 0.3016157619048949, 0.3359053125881745, 0.3907596209719879, 0.30627355050959437, 0.4965820696452988]","[0.45929738042872686, 0.42598433910640876, 0.7508891805025412, 0.5151864946114156, 0.5053308947656127, 0.5287143694857629]","Gamma(3, 4)",family,10,1
mfego MF,True,0.8907814067541918,0.859592439748189,0.89,0.07782180000140215,0.008705099997314392,[0.9998066526312569],"[0.39552627299120446, 0.644867429344747, 0.7659373922795415, 0.6885490859103484, 0.22652339841139377, 0.7456578004776105]","[0.4265099021048511, 0.49069705774358446, 0.5206838580885268, 0.3044706572531016, 0.5112966201958864, 0.3509925870363672]","Gamma(3, 4)",family,10,2
mfego MF,True,0.948601839421302,0.7091673465770142,0.889,0.08105310000246391,0.008324399997945875,[0.9621751533800378],"[0.29193697862791074, 0.6435926534047485, 0.8693184147793923, 0.7941059861087061, 0.4415455156779353, 0.3807933351395501]","[0.41006591345009963, 0.38189587322098445, 0.5346433825427643, 0.32593124337778273, 0.31756034660076915, 0.4500864553248584]","Gamma(3, 4)",family,10,3
mfego MF,True,0.8722786593609737,0.4006345157348087,0.9695,0.11240819999875384,0.008455099999991944,[0.9686066545948572],"[0.6020618969813577, 0.7004733546529335, 0.6460023253126571, 0.3303467067911568, 0.1242374330282059, 0.6719014201606293]","[0.29432408766357687, 0.36210570489424243, 0.3976728104941365, 0.38553513166007125, 0.45495042663087043, 0.47145826663790763]","Gamma(3, 4)",family,10,4
mfego MF,True,0.9638537456459391,0.47419065408567096,0.9655,0.062024799997743685,0.008336900002177572,[1.0546136613478383],"[0.4886355158771859, 0.7723170658409559, 0.43299314724445753, 0.40855992525391227, 0.39527946110709145, 0.8033731405187536]","[0.34991769427623765, 0.5625260500154177, 0.5360885982715478, 0.5667350953143778, 0.4061799519411758, 0.4649900502979566]","Gamma(3, 4)",family,10,5
mfego MF,True,0.909914403462642,0.5418601012208967,0.912,0.10250129999985802,0.00815619999775663,[1.0326076549598036],"[0.1636862048467476, 0.477843290092963, 0.553866242066264, 0.37644243545668465, 0.41825105914624605, 0.2993632700973748]","[0.5018213838748118, 0.33775826813571025, 0.6659533843863151, 0.3291314969482781, 0.5499291255163208, 0.6112699157680137]","Gamma(3, 4)",family,10,6
mfego MF,True,1.1838194998105158,0.7123464190073615,0.963,0.07011269999929937,0.008062000000791159,[1.0179431211552028],"[0.5608716502193462, 0.867717382432595, 0.8458897720660189, 0.13984668327184663, 0.5748704940128299, 0.5342752852588303]","[0.2843372656428927, 0.5679114413286989, 0.5718127994572358, 0.5811924182658873, 0.43966115594846666, 0.45776922480729343]","Gamma(3, 4)",family,10,7
mfego MF,True,0.9961557096453527,4.746935186519737,0.7685,0.05391009999948437,0.006830300000729039,[1.0007262753139934],"[0.6044595249849042, 0.3548524202581129, 0.803705029694014, 0.7868959890719996, 0.4666189844434146, 0.8481996656463372]","[0.6439742606704106, 0.5157534874982145, 0.344488272600771, 0.5539042559123317, 0.3210375315552173, 0.6036205458103838]","Gamma(3, 4)",family,10,8
mfego MF,True,0.9788406970238628,0.8285908478472787,0.8835,0.0723878999997396,0.007678800000576302,[1.028613317790552],"[0.261582690860768, 0.6818929024577658, 0.7607179478230082, 0.5638921190927365, 0.2536990247558388, 0.5565188917134068]","[0.5795820882697801, 0.5175555509305596, 0.3070381867943838, 0.49871640924270183, 0.5949137063116198, 0.300716252073364]","Gamma(3, 4)",family,10,9
mfego MF,True,0.8535910920310744,1.039142469637453,0.875,0.12748809999902733,0.015780400000949157,[0.9617587754533394],"[0.5735220714699406, 0.2687113510321225, 0.839410962158504, 0.5435430444199679, 0.40637397509879125, 0.3764737128119014]","[0.4058728238265699, 0.5568229469895922, 0.2584649977532786, 0.6025598260895879, 0.3290745121193418, 0.4355955090585076]","Gamma(3, 4)",family,20,0
mfego MF,True,0.9588501721973167,1.3783662289668255,0.804,0.1421202000019548,0.013849500002834247,[0.9029723042552813],"[1.0237271864310953, 0.7674492616201164, 0.5159468090007917, 0.3344313346598221, 0.852012055463446, 0.1463566451239873]","[0.5639832231682695, 0.6860147936478703, 0.2618027759388378, 0.41729634547349476, 0.31522403651218717, 0.8883254486296437]","Gamma(3, 4)",family,20,1
mfego MF,True,0.9491137216409586,2.732458528020148,0.7675,0.1335875999975542,0.014089100001001498,[1.024344718514194],"[0.9225267561519572, 0.143284539692508, 0.616655133706623, 0.8543896241297269, 0.3467049929089297, 0.7929208590866773]","[0.19571308522667902, 0.7314919424849813, 0.6226479571681725, 0.5404060730611716, 0.7887686083137634, 0.5382151066228474]","Gamma(3, 4)",family,20,2
mfego MF,True,0.8174461911113265,1.2447547490309463,0.8495,0.15022989999852143,0.01401849999820115,[0.9576460712296208],"[0.8278146444217395, 0.5811996562204161, 1.170961524134174, 0.4261993581068762, 0.2945093157042733, 0.2660968564080243]","[0.4784638104116158, 0.7002629893962175, 0.6408207370285747, 0.24801272050207684, 0.25345934121644664, 0.7747953319047103]","Gamma(3, 4)",family,20,3
mfego MF,True,0.9274298375245373,1.5546174746620292,0.821,0.1547857000005024,0.014321400001790607,[0.9605397930224282],"[0.2652237529301087, 0.2881919200695739, 0.9441654390459241, 0.3755503926863875, 0.8767117494197354, 0.6725766285001793]","[0.38974330863932755, 0.4056815153786028, 0.6963220590819451, 0.6401861422877027, 0.5837509110420809, 0.1489231194653356]","Gamma(3, 4)",family,20,4
mfego MF,True,0.9444606382513026,1.8646964703246591,0.8125,0.17804220000107307,0.013763700000708923,[0.9762586347000479],"[0.3882756405799529, 0.19205371211201086, 0.6836005320672197, 0.28124441849675996, 0.14574423604739223, 0.6080518616682302]","[0.6450899531036925, 0.8299889783289595, 0.31301743582897773, 0.7126903279857547, 0.16067775166904516, 0.5116201498678984]","Gamma(3, 4)",family,20,5
mfego MF,True,0.964778904718778,6.10700754942363,0.73,0.14983270000084303,0.014422800002648728,[0.9707001305182317],"[0.5477886360584564, 0.15110301860208697, 0.4711022239226398, 0.4457952682148743, 0.35067500891612674, 0.3788139376118572]","[0.522011842191351, 0.27985673642326836, 0.5860545905163209, 0.693473957691835, 0.26160023328241205, 0.7945424203627814]","Gamma(3, 4)",family,20,6
mfego MF,True,0.9384533367857253,0.676397366100734,0.8915,0.1439265000008163,0.014535700000124052,[0.9720933850914132],"[0.5607414912305408, 0.5553925687525465, 0.5338471356849934, 0.28308482510683786, 0.8523371461450375, 0.14714062200568065]","[0.6407886956486065, 0.3156883481158914, 0.6045810175377235, 0.27579053037224593, 0.6727297295297021, 0.2687413484869618]","Gamma(3, 4)",family,20,7
mfego MF,True,0.967658733379843,0.4464349939833083,0.923,0.1344481000014639,0.013559300001361407,[0.9852919506274272],"[0.5014006792803175, 0.6838383489778853, 1.084559559468158, 0.4493063551942718, 0.7456473762914906, 0.13591684312052615]","[0.5876510377483068, 0.28184853373462865, 0.6136621362833429, 0.5574142427692261, 0.3083543373817738, 0.20719585001365193]","Gamma(3, 4)",family,20,8
mfego MF,True,0.8582686948776315,0.856023369286478,0.877,0.13750040000013541,0.013415600002190331,[0.9376845207276273],"[0.4902401035104953, 0.8067664845029204, 0.7460276314031449, 0.2733836146204585, 0.24836136008751458, 0.24222708147469696]","[0.39403682027033116, 0.5379178361241342, 0.32748789766114533, 0.3618019172307181, 0.6346408159292066, 0.5987552487595424]","Gamma(3, 4)",family,20,9
mfego MF,True,0.8162576898623758,0.5061818698736988,0.8895,0.39821389999997336,0.029638299998623552,[0.8545416270957465],"[0.41006255537084196, 1.3362915050705009, 0.04972847863688643, 1.3684260934978738, 1.017208816055089, 0.469529420269658]","[0.5729896575005706, 0.3482294543291304, 0.40585011031128276, 0.3438198085721286, 0.5156188793235312, 0.5405993418890058]","Gamma(3, 4)",family,40,0
mfego MF,True,0.8518179645730085,0.3349523522277899,0.9315,0.29005880000113393,0.03473360000134562,[0.9112573303998642],"[0.39727147945264557, 0.15930780698104732, 1.296035804873603, 0.8669552115149843, 1.163532000446483, 0.09637762480761881]","[0.7162411967096245, 0.3354382354217998, 0.6784142280522566, 0.24749566208646515, 0.6788766175188148, 0.3721479485294241]","Gamma(3, 4)",family,40,1
mfego MF,True,0.8857212224565076,2.4011785305521713,0.815,0.3416767000016989,0.03397430000040913,[0.9656176120723609],"[0.9792829046876389, 0.23266766506282818, 0.577069069802423, 0.7431704738771611, 1.0179589659989405, 0.16983881040090953]","[0.16926169883809583, 0.42301500778040285, 0.7863784701748159, 0.40072145470584, 0.621353758178625, 0.3268469206838595]","Gamma(3, 4)",family,40,2
mfego MF,True,0.7637397098831067,0.26768205295323927,0.966,0.46280839999963064,0.029637300001922995,[0.9537685307458933],"[1.4872986422127934, 0.3163126769674206, 1.0241150349399346, 0.09842567935670846, 0.338590836721072, 1.0908889289361239]","[0.2605654383658315, 0.18465309179945713, 0.8506945087340257, 0.5474521478129499, 0.33389681959560297, 0.3644095612746051]","Gamma(3, 4)",family,40,3
mfego MF,True,0.8115313293797121,0.9892060418395782,0.851,0.3791908000021067,0.029153100000257837,[0.9633043046147842],"[0.45066761691392854, 0.07012091405186711, 1.3238699998094459, 0.36315197849607234, 0.3763229623789113, 0.6136361759256242]","[0.9290559508965284, 0.48026760911870986, 0.41067484898327655, 0.48147674278195485, 0.2271474417061294, 0.5558292065492676]","Gamma(3, 4)",family,40,4
mfego MF,True,0.7183428955085585,0.540098265167671,0.878,0.2819468000016059,0.034495700001571095,[0.9077810862026462],"[1.24683782347644, 0.20232989302155413, 0.354830414355231, 0.49690380939477574, 0.3594841549261104, 0.28717068798483125]","[0.45173768370872613, 0.405965923699422, 0.6677184392360143, 0.4328142418990452, 0.3310073071119256, 0.4952776836534545]","Gamma(3, 4)",family,40,5
mfego MF,True,0.7649206378713405,0.33096584094223624,0.905,0.3008144000013999,0.030305300002510194,[0.9147522205247809],"[0.12920080046967308, 0.21354306263088177, 0.9747886929143353, 0.36193259140808626, 0.36487707908933253, 1.1390245218042891]","[0.418037589677021, 0.47940779025375546, 0.7272777383200835, 0.35837463014773985, 0.22665602943281046, 0.6226273092887336]","Gamma(3, 4)",family,40,6
mfego MF,True,0.9980060494152652,0.47732274690950954,0.922,0.32665949999864097,0.032441600000311155,[1.0298494200111932],"[0.08331491723472441, 0.9465996650294262, 1.0299067823547903, 0.2713810078888353, 0.18419262172197176, 0.754996433732423]","[0.13906368031160113, 0.26881691720849116, 0.8630913200583828, 0.4425974158998459, 0.664529851191398, 0.5949663647737186]","Gamma(3, 4)",family,40,7
mfego MF,True,1.0434274997263095,0.7532893158786379,0.8735,0.3265975000031176,0.03353470000001835,[0.9077078938450788],"[0.3810850165246725, 0.2478380225126476, 0.9154231818696649, 0.10733833048646298, 0.9267432713943313, 0.31477404411481497]","[0.1410497522547323, 1.0533443311116313, 0.32491158445644736, 0.48936727593332835, 0.29356611518010123, 0.9234809437322273]","Gamma(3, 4)",family,40,8
mfego MF,True,0.7606258728631062,0.7050663406377549,0.8505,0.3307134999995469,0.031158599998889258,[0.9062771520218483],"[0.6603671389720999, 0.418048693443724, 1.3423210214920263, 0.2907152182623504, 0.3244825860623566, 0.43144835954981736]","[0.29588181240437583, 0.28990737841137537, 0.7609907220201532, 0.43741042423569254, 0.39093885979947673, 0.6676660665915006]","Gamma(3, 4)",family,40,9
mfego MF,True,0.9744149002841795,0.5767331438778606,0.926,0.09700180000072578,0.002943700001196703,[1.0259465734029376],"[0.416650750824762, 0.6608926948461588, 0.6332087505303265, 0.6287383577865868, 0.6081920348540658, 0.4199220573519716]","[0.5362992098923659, 0.4247061227759181, 0.5024194349007877, 0.4746944917228429, 0.5411757079929808, 0.513057442646916]","LogN(-0.13, 0.75)",family,5,0
mfego MF,True,0.9941343578055394,7.6174429455776975,0.756,0.11223289999907138,0.0028987999976379797,[0.9946425932480651],"[0.3145827303332128, 0.4834558457953618, 0.3176085845483387, 0.4352661986354025, 0.43683106714172326, 0.5055656294068003]","[0.5104303092334503, 0.5216231606719716, 0.580908206299484, 0.4471049505876741, 0.6596055416564728, 0.4405764177654416]","LogN(-0.13, 0.75)",family,5,1
mfego MF,True,1.0351294398775845,4.7724180372775376,0.778,0.1166363000011188,0.0031774999988556374,[0.9998642332514373],"[0.3609955530130788, 0.48911414690128785, 0.5377762928276034, 0.4866154402772551, 0.5680170627628073, 0.25136443525918833]","[0.43525236097092007, 0.47985650136593194, 0.4152665608177107, 0.487319837835631, 0.47386811091835723, 0.4677181870918538]","LogN(-0.13, 0.75)",family,5,2
mfego MF,True,1.0241890619668235,1.2261501512011823,0.855,0.14867270000104327,0.002871600001526531,[0.9926737199982187],"[0.39830297913474116, 0.3607287634303925, 0.3802843879528358, 0.25634623572683624, 0.3026052652861631, 0.3995519732560926]","[0.48761599497642266, 0.5428488934081784, 0.4581391715650406, 0.3510982146839277, 0.4861108428632011, 0.4349918150512089]","LogN(-0.13, 0.75)",family,5,3
mfego MF,True,1.6539065548719643,1.0947762708970956,0.9905,0.12622689999989234,0.0028271999981370755,[0.9883700860379456],"[0.9200396534958026, 0.23597286757768626, 0.8913353472857406, 0.47285433197494625, 0.7046551778843216, 0.6536720745277075]","[0.49668056825426565, 0.4233669491448221, 0.4820355167248672, 0.5019232975657578, 0.5143644784286266, 0.4045708662002725]","LogN(-0.13, 0.75)",family,5,4
mfego MF,True,0.9449606597527738,3.607537475517873,0.8245,0.10418659999777447,0.0030621999976574443,[0.9918676820939484],"[0.3884201990472525, 0.5518934733735825, 0.43857306933159307, 0.5976092366679467, 0.3672104913721233, 0.5367392281841451]","[0.5581507148819282, 0.5676505458096428, 0.5387387790902841, 0.5004266223508783, 0.4456809727185175, 0.5432407060238743]","LogN(-0.13, 0.75)",family,5,5
mfego MF,True,0.9794736641531844,0.4821338708581393,0.962,0.08638250000149128,0.002802999999403255,[0.9944577025039993],"[0.5332271437588822, 0.5068549261895446, 0.5547855245785689, 0.38285457674294376, 0.3925849994669784, 0.5117991123775776]","[0.4734421893763274, 0.4153580293348662, 0.46436614330646436, 0.44159218137997863, 0.4542665087456902, 0.46185221476958493]","LogN(-0.13, 0.75)",family,5,6
mfego MF,True,1.0455970692437517,17.246378703981932,0.6035,0.135696099998313,0.0028336000032140873,[0.9961419427039845],"[0.597881143499336, 0.4443392622699247, 0.3859848263150184, 0.41649620745257726, 0.3020250344377783, 0.40498492792468554]","[0.48298773086190006, 0.46520714073935365, 0.44870810238491243, 0.5146154566113145, 0.3550996830921815, 0.47153317415606705]","LogN(-0.13, 0.75)",family,5,7
mfego MF,True,1.012667146032915,0.8619855043740643,0.8765,0.1096758999992744,0.002794799998810049,[1.0054924244259322],"[0.4149483084460438, 0.6913759375665832, 0.5480212144587515, 0.30217383598996184, 0.5695783465317551, 0.5135727547608983]","[0.4802132677058472, 0.48389830013124413, 0.37595091133620423, 0.5158537790897035, 0.49034898613501826, 0.43059725297831775]","LogN(-0.13, 0.75)",family,5,8
mfego MF,True,1.0096111865633528,8.961697310879648,0.739,0.1391948999989836,0.0027926000002480578,[0.997832523406275],"[0.39930242206673455, 0.3474035852919852, 0.6420436639355122, 0.43561516856564586, 0.5411692333535058, 0.49819544396929494]","[0.3919922484849645, 0.5054361882413754, 0.569515166753503, 0.5340909866438428, 0.5593043472704966, 0.4108133875930766]","LogN(-0.13, 0.75)",family,5,9
mfego MF,True,0.9197092539228535,0.6842445445955804,0.892,0.13556640000024345,0.006434700000681914,[0.9716589515474231],"[0.430356685421825, 0.685247390474638, 0.708085819860999, 0.10562952507654838, 0.7061654954904084, 0.44343396219325426]","[0.4724530649075274, 0.3485616567056808, 0.41367942091632676, 0.29087263559097243, 0.2727015489352591, 0.4590207740540135]","LogN(-0.13, 0.75)",family,10,0
mfego MF,True,0.9680348944870534,0.8392094575091384,0.871,0.10064580000107526,0.009009199999127304,[0.9626155318667117],"[0.3898908592147411, 0.3196058074210542, 0.3442686541115661, 0.3789532931998762, 0.30804686365590794, 0.48877285570462636]","[0.46212297998707824, 0.42146725561434906, 0.8287323780723014, 0.5227765793742787, 0.5105917971113896, 0.5325310896272971]","LogN(-0.13, 0.75)",family,10,1
mfego MF,True,0.8913148291119598,0.8556472107560749,0.889,0.0984201999999641,0.006731599998602178,[0.9992111564190861],"[0.4050660714013386, 0.6620775104175778, 0.9050090776141493, 0.7778228668781312, 0.22919233407894823, 0.8403824041956099]","[0.409366423043101, 0.4946837493173827, 0.5194426118523655, 0.3116959669721217, 0.5106832278109994, 0.3553313617031691]","LogN(-0.13, 0.75)",family,10,2
mfego MF,True,0.9564914139779532,0.7272046558317572,0.8895,0.11609279999902355,0.006601699999009725,[0.9608431218274749],"[0.2977409483537511, 0.6373449461945654, 1.0140097480954147, 0.8795162351035501, 0.445385948383644, 0.38152904321553066]","[0.4064457720419311, 0.37116939184742137, 0.5368596956044018, 0.33287967862537987, 0.33908232225243384, 0.4316166214258107]","LogN(-0.13, 0.75)",family,10,3
mfego MF,True,0.8713157563461932,0.40051431853829017,0.9695,0.1635781999975734,0.006627700000535697,[0.9679410952078296],"[0.6433475555161133, 0.8281999128316537, 0.7270592392984094, 0.33445342487839974, 0.13043538453953968, 0.7640003977477474]","[0.31011657184724684, 0.37195637487533456, 0.3877588676266159, 0.3838661016734558, 0.4429788862599504, 0.469520008427818]","LogN(-0.13, 0.75)",family,10,4
mfego MF,True,0.9702161431423377,0.4770506652430495,0.9645,0.07495760000165319,0.0065357000021322165,[1.0566094251821831],"[0.4866870299851689, 0.8505514733188682, 0.4332677404962529, 0.4069571913544682, 0.39398041436759934, 0.9108177370265834]","[0.35353494734651947, 0.5784766996383262, 0.5427729893165602, 0.5833838461653349, 0.40525333643518285, 0.4588342671218351]","LogN(-0.13, 0.75)",family,10,5
mfego MF,True,0.912408891271305,0.5722024560689712,0.9035,0.11828369999784627,0.006570199999259785,[1.0346221515946694],"[0.180751808008149, 0.4579830656418778, 0.5857223416044992, 0.3613673592212631, 0.418475848772335, 0.31419428062924426]","[0.5057637339111061, 0.34143715965475835, 0.7166787422040154, 0.3350180008206299, 0.5642488341825201, 0.6432617430723235]","LogN(-0.13, 0.75)",family,10,6
mfego MF,True,1.1971857080886812,0.7192805574579056,0.957,0.13313339999876916,0.006650999999692431,[1.0200560030307093],"[0.5661282237867149, 1.0499792099462955, 0.9910031893929139, 0.1503939787489611, 0.623318889376434, 0.5492640481232826]","[0.2918078171186061, 0.5883867995021398, 0.594406572365248, 0.6039500070023407, 0.43523539839962566, 0.4589475937921969]","LogN(-0.13, 0.75)",family,10,7
mfego MF,True,0.9956524464147692,4.987683956608888,0.761,0.0743877999993856,0.006685400003334507,[1.002021502333763],"[0.6387606477440632, 0.3534316486237132, 0.9774604573160848, 0.8790254421277156, 0.4760523070348669, 0.9624310820107589]","[0.6937608828493842, 0.5175804648370951, 0.35159788856331436, 0.5680116351819754, 0.3245801652220604, 0.6356848635495999]","LogN(-0.13, 0.75)",family,10,8
mfego MF,True,0.9800896487072966,0.8465057151037563,0.8825,0.11831639999945764,0.006800099999964004,[1.030547198581998],"[0.2649181898887979, 0.7426622466801491, 0.8612403535693235, 0.6048431776762027, 0.25655618478507997, 0.5768619222657169]","[0.5996681217843777, 0.5201750835883764, 0.31452032863633855, 0.49739667461224557, 0.617317632512746, 0.30866459725525724]","LogN(-0.13, 0.75)",family,10,9
mfego MF,True,0.8495272256434887,1.0564344927046974,0.8725,0.1304855000016687,0.014621700000134297,[0.9597363719907174],"[0.550933504255137, 0.2744319348404071, 1.0480523151499581, 0.5467454302745256, 0.41692221413717, 0.3728996107269417]","[0.4010409967027934, 0.5714770446842138, 0.2694782925358871, 0.6203484140483129, 0.33268683443116875, 0.4328525593763931]","LogN(-0.13, 0.75)",family,20,0
mfego MF,True,0.9616821459463867,1.5730631257549685,0.79,0.14729910000096424,0.017952099999092752,[0.9006742009546351],"[1.3798604919042279, 0.8362680574353638, 0.5653700193586773, 0.33671467794853616, 0.5298277578696339, 0.18929883934301528]","[0.5733687531620743, 0.7444535368298015, 0.26322734182326857, 0.4260986895044295, 0.31557917233555566, 1.0412106524703464]","LogN(-0.13, 0.75)",family,20,1
mfego MF,True,0.9533152215810797,3.0714463508834857,0.74,0.11875099999815575,0.013722299998335075,[1.0260946793842027],"[1.1595181939695154, 0.14691866948906585, 0.6359947000868916, 1.0147481055431025, 0.3599758501790169, 0.8338055343046181]","[0.20315697135076002, 0.8031909317292609, 0.639448304559334, 0.5564092229954701, 0.8947589616465441, 0.5527968526479832]","LogN(-0.13, 0.75)",family,20,2
mfego MF,True,0.8131936522690657,1.359519665792933,0.8465,0.1793084999990242,0.014532000001054257,[0.9552519215027947],"[0.9153822687935985, 0.5882519529457607, 1.4929700230609582, 0.41691069768866285, 0.302144280013934, 0.2711201166753446]","[0.4596349646522792, 0.8025331937449841, 0.6836086903199753, 0.25182987491708914, 0.2538518832318948, 0.8714782394492808]","LogN(-0.13, 0.75)",family,20,3
mfego MF,True,0.9249349825415923,1.5975328781639104,0.8175,0.16348389999984647,0.013979200000903802,[0.9575868955582449],"[0.26623898353263603, 0.2890607782791155, 1.2095866490224936, 0.38276975518219447, 1.2018481605305713, 0.7116688500443762]","[0.39281017055228906, 0.40006534908254443, 0.7266388619663535, 0.6692665137541421, 0.5891252665601602, 0.15968302605043808]","LogN(-0.13, 0.75)",family,20,4
mfego MF,True,0.9401007420524085,1.997420033268689,0.807,0.17525369999930263,0.014524900001561036,[0.9701042816938032],"[0.3598217464337728, 0.20410131633244072, 0.7367744347047114, 0.2805410599309883, 0.16130447815328014, 0.5804757656607599]","[0.6793058197204384, 0.9417262553084824, 0.3147589065210155, 0.7489172524151875, 0.17615421372903609, 0.5174042518941128]","LogN(-0.13, 0.75)",family,20,5
mfego MF,True,0.9637476513352305,6.607805985293133,0.719,0.12379650000002584,0.01461580000250251,[0.969379674723259],"[0.5574806497206278, 0.15974633677767028, 0.46167808221285767, 0.4395286861289604, 0.3666947490085898, 0.3804923530190372]","[0.5201431075441666, 0.2829353257124431, 0.6031725233662462, 0.7448262494743396, 0.2681148287505118, 0.8903197952927053]","LogN(-0.13, 0.75)",family,20,6
mfego MF,True,0.9422258496650344,0.7272575328284938,0.8865,0.13508030000230065,0.014600999998947373,[0.9724767526710574],"[0.5860149662819587, 0.5625626080648933, 0.5256307548066637, 0.28163114250756854, 0.9476540695778951, 0.15575802767543762]","[0.6737307776270157, 0.32262258056600707, 0.6272085417437655, 0.27979861966027975, 0.7386002372274801, 0.27729974751748954]","LogN(-0.13, 0.75)",family,20,7
mfego MF,True,0.970523127010746,0.4535721657320743,0.9215,0.1651622999997926,0.01443259999723523,[0.9829344696601579],"[0.5066034804432602, 0.7267410488978039, 1.3984961650746783, 0.45085030620623284, 0.8066972608913747, 0.14112318616441633]","[0.6056220392805852, 0.28695954845607824, 0.6348481868242464, 0.5513977679655099, 0.31648737676034183, 0.22373775151634837]","LogN(-0.13, 0.75)",family,20,8
mfego MF,True,0.8631174509830337,0.8835076035006814,0.8735,0.11712450000050012,0.014315399999759393,[0.9362400081971941],"[0.5125176355022515, 0.9805664025922846, 0.7635793877423367, 0.28310277974139103, 0.2475326303596527, 0.2463336367565688]","[0.3967376339236764, 0.5451070269969647, 0.32845912760997426, 0.3641899213617808, 0.6634304637996665, 0.604964036312913]","LogN(-0.13, 0.75)",family,20,9
mfego MF,True,0.8191151122261574,0.516174728822689,0.888,0.3430088999994041,0.03254419999939273,[0.8535406464162449],"[0.41399960863751467, 1.945943118407698, 0.05201863202859101, 2.0833440844848834, 1.0741687571282772, 0.4833220109805177]","[0.5855114726154234, 0.34976106649513355, 0.4066146610225564, 0.34468627082618725, 0.5218989368267634, 0.5396040079098531]","LogN(-0.13, 0.75)",family,40,0
mfego MF,True,0.8662926430391787,0.36550942814009535,0.9185,0.2853678999999829,0.03160960000241175,[0.9366649677473717],"[0.45236342512300237, 0.23086071032738675, 0.229523864321529, 0.18377664938950547, 0.3221117612869254, 0.6977164427252411]","[0.8645254861976375, 0.3206448266753889, 0.9075553094388137, 0.23537852806871687, 0.7189709918382762, 0.37347904384836517]","LogN(-0.13, 0.75)",family,40,1
mfego MF,True,0.8773759619171456,2.419803604775491,0.8135,0.3118744000021252,0.03695520000110264,[0.9648356557279549],"[1.0727803662811262, 0.2403239644031549, 0.591201308426156, 0.7789926514001451, 1.1611591478279693, 0.17691239310626738]","[0.17879032870952713, 0.427969804902215, 0.9259991666975878, 0.4074766443682684, 0.6066105609349666, 0.32215971118680753]","LogN(-0.13, 0.75)",family,40,2
mfego MF,True,0.7385966922656844,0.24259985503792325,0.9675,0.3058558999982779,0.03790600000138511,[0.9459210081712947],"[2.292095782291585, 0.31404763695750215, 1.2247645169771164, 0.10060912472968613, 0.3549946601004633, 1.3561824864799745]","[0.2743350146226467, 0.20932150386909923, 1.0020639532030464, 0.5213046849320374, 0.33109414587829894, 0.34517661389989973]","LogN(-0.13, 0.75)",family,40,3
mfego MF,True,0.8112400464814595,1.0475781362755432,0.8455,0.2835304999971413,0.04105689999778406,[0.9647779638567842],"[0.44832511554187576, 0.07651947118811105, 1.8200602302845885, 0.3654469439004197, 0.38053077600909746, 0.6382853220920458]","[1.0704790975229528, 0.4673120234169202, 0.41865609665346026, 0.47514598454810175, 0.23087114653494686, 0.5660024990151297]","LogN(-0.13, 0.75)",family,40,4
mfego MF,True,0.7167833916577264,0.5478753019705448,0.877,0.2444593000000168,0.030071099998167483,[0.9073759356776328],"[1.804922880806726, 0.2093038716916244, 0.3618709533466609, 0.4680359499151843, 0.37647351333608076, 0.287004610693614]","[0.4566435050768303, 0.4074583712845016, 0.6849772458469697, 0.4315216892097916, 0.3332869066478551, 0.4974031237776261]","LogN(-0.13, 0.75)",family,40,5
mfego MF,True,0.7750055804919508,0.37190050722962253,0.899,0.2573389000026509,0.039552700000058394,[0.9116439903986266],"[0.3741861548575228, 0.17285797717766033, 0.9343894942334119, 0.15503725997924248, 0.388635403887881, 1.4914854392870098]","[0.41923512783973227, 0.47343634824078096, 0.7541874056293526, 0.3617019382209849, 0.23189707274439936, 0.670079534468047]","LogN(-0.13, 0.75)",family,40,6
mfego MF,True,1.0462086974978322,0.5958127213286369,0.8995,0.4132346000005782,0.028546500001539243,[1.034691297924411],"[1.261023483220982, 1.1124809941136375, 0.16608289736642942, 0.13884638515594275, 2.0663031702499173, 0.3915822232874103]","[0.10413303830478718, 0.2763560432877226, 1.0048855150873963, 0.3704522789277917, 1.0861209705027173, 0.8161581059079837]","LogN(-0.13, 0.75)",family,40,7
mfego MF,True,1.0647731829217255,0.8633041555991825,0.8675,0.3338451999989047,0.028662100001383806,[0.9050118961534417],"[0.3813947891991916, 0.24781877129498314, 1.019823860690875, 0.1113536630070252, 1.132637419293183, 0.3187020245772034]","[0.1437146523721607, 1.3447087440167036, 0.3242192558736815, 0.5033673319244029, 0.29706411137316785, 1.0562960277948852]","LogN(-0.13, 0.75)",family,40,8
mfego MF,True,0.7635276791127307,0.733416293046629,0.847,0.29240090000166674,0.031208399999741232,[0.9055638448823656],"[0.6884363829623334, 0.43092456425622744, 1.8577367950103612, 0.2916718078763879, 0.3274446698966951, 0.4403195961707154]","[0.2956418163921186, 0.28901022638266327, 0.8002472330259991, 0.4364062951203745, 0.3936674026833399, 0.6848995612610668]","LogN(-0.13, 0.75)",family,40,9
mfego MF,True,0.9628270949821556,0.4637767294451661,0.9395,0.057974600000306964,0.0029431999973894563,[1.017031762986519],"[0.31300535152317, 0.3540362313317862, 0.35642685661120616, 0.3503950427330563, 0.37302149298997106, 0.3304238689930701]","[0.3454804748821584, 0.33574259525814676, 0.3511952579582428, 0.3330071796022658, 0.3463607449578259, 0.34552561650765595]","Gamma(3, 6) BoTorch MF",library,5,0
mfego MF,True,1.0067143757586396,5.033777082888592,0.8045,0.0836689000025217,0.003056499997910578,[0.9996114130926351],"[0.2874989843377869, 0.33499154101020845, 0.2591616593111594, 0.31356768201066587, 0.3019615944612239, 0.33557770949171245]","[0.3303265214406639, 0.3339166073249214, 0.3379315774931407, 0.3237509232154644, 0.35713871212723225, 0.32978549395492435]","Gamma(3, 6) BoTorch MF",library,5,1
mfego MF,True,1.0511479608145888,4.0291367218108345,0.787,0.06891249999898719,0.002886500002205139,[1.0004282614633209],"[0.328478690260244, 0.2948936096124208, 0.33897346780624393, 0.30775322308908143, 0.33307034583607054, 0.2586577855320812]","[0.326786257498117, 0.33023283462276515, 0.3213948669546084, 0.3272899583023272, 0.33043466928292003, 0.3300861690378437]","Gamma(3, 6) BoTorch MF",library,5,2
mfego MF,True,1.0235226181301096,1.0447745410756966,0.905,0.07739539999965928,0.0028595000003406312,[0.9994384235250232],"[0.2937818663352586, 0.2773728234431334, 0.3018770034964495, 0.2460130010544569, 0.26722368326505097, 0.2951369793042926]","[0.3291235273631467, 0.33616255992394917, 0.3201974452126989, 0.30387679264818085, 0.33032530356087514, 0.31328873536834706]","Gamma(3, 6) BoTorch MF",library,5,3
mfego MF,True,1.373287079496485,1.0528836716980063,0.9985,0.04142080000019632,0.0029776999981550034,[0.994887654383062],"[0.5329477622641516, 0.24294135709732392, 0.5375783438763319, 0.35019631092538167, 0.428722617572814, 0.43872142816704235]","[0.33118720279658603, 0.32050278247283603, 0.33140080540616823, 0.33225403831572264, 0.3324362532978013, 0.32434854689820997]","Gamma(3, 6) BoTorch MF",library,5,4
mfego MF,True,0.9724496462597361,2.1149624479662443,0.8435,0.06081349999658414,0.0028227000002516434,[0.9975436937197616],"[0.31001324864949464, 0.34475426395679265, 0.3382231285364548, 0.3501072353274882, 0.29272829311149523, 0.33530648212272]","[0.33202205437206656, 0.3377049959946904, 0.3421979031602098, 0.33180957355792357, 0.3302439587427817, 0.3368071340981036]","Gamma(3, 6) BoTorch MF",library,5,5
mfego MF,True,0.9672437168459309,0.4765589957286681,0.964,0.03901169999880949,0.0029959999992570374,[1.0000772041101653],"[0.3398724309299138, 0.3455354659307548, 0.3428091031822577, 0.3028785640533836, 0.32253311780716565, 0.3396996169064324]","[0.3233054760324355, 0.3148575040109117, 0.3263648317587086, 0.3256766779489713, 0.3217530407486837, 0.32797419249335347]","Gamma(3, 6) BoTorch MF",library,5,6
mfego MF,True,1.050201837762515,17.20556907751452,0.685,0.07164649999685935,0.0027938999992329627,[0.999851827964093],"[0.34342725874630337, 0.2973378154759502, 0.29098952623538393, 0.3201671270180491, 0.275322706092032, 0.3145934561452851]","[0.3270054572259091, 0.3252947907325211, 0.3230274504132232, 0.3325827728547161, 0.3114327067747099, 0.3259144207487974]","Gamma(3, 6) BoTorch MF",library,5,7
mfego MF,True,1.0011724111962343,0.7342893120912674,0.8925,0.07465790000060224,0.00309190000189119,[1.0009953496355586],"[0.3592113976817225, 0.43878048651186946, 0.4083821865213101, 0.2588508017218684, 0.3920776794176386, 0.3321561707649619]","[0.3280411532190874, 0.329615082696758, 0.31059244814573583, 0.33600197442537333, 0.332520004764418, 0.32501926230417877]","Gamma(3, 6) BoTorch MF",library,5,8
mfego MF,True,1.0206282766339632,7.1680670475728405,0.7705,0.0489659999984724,0.002813799997966271,[0.9997335707273151],"[0.3083527971728314, 0.28085150197349973, 0.40488239093687145, 0.3301978697490092, 0.3567745605780643, 0.34684782430498073]","[0.3216978882242552, 0.32692852333850647, 0.3408399310638855, 0.33587355810533687, 0.3285664361991892, 0.31960472988376126]","Gamma(3, 6) BoTorch MF",library,5,9
mfego MF,True,0.9675839929641351,0.6306957529914116,0.897,0.14208620000135852,0.006679500002064742,[0.9890211039560092],"[0.11820229240263497, 0.36705738325591974, 0.40736899327206555, 0.35168951894494793, 0.21603617426912317, 0.3478158783612589]","[0.3164302640488588, 0.2253407146922569, 0.2925376185782721, 0.27169775014296843, 0.2819107614067536, 0.32825518796865627]","Gamma(3, 6) BoTorch MF",library,10,0
mfego MF,True,0.942071754732181,0.5331078437735984,0.9175,0.1160725999980059,0.0066743000024871435,[0.9840805986894123],"[0.2821913099324783, 0.29674587925258783, 0.30279492682012876, 0.30512261764973714, 0.279278123315025, 0.3287292125841589]","[0.33060843404973334, 0.2977198218628073, 0.437435711771769, 0.3652331464534678, 0.34192540305646, 0.3776189212824139]","Gamma(3, 6) BoTorch MF",library,10,1
mfego MF,True,0.9207300872961465,0.765760371881657,0.901,0.09590119999847957,0.006283099999564001,[1.0045520237996],"[0.34965229609374987, 0.5059125262512811, 0.4905408601935736, 0.4527391804916353, 0.2198974563870999, 0.4945710670260643]","[0.32057123633592255, 0.3438476651671456, 0.3394082317426825, 0.2895008288613025, 0.3279526333779156, 0.2910107658085192]","Gamma(3, 6) BoTorch MF",library,10,2
mfego MF,True,0.9823643564495942,0.7762804467553321,0.891,0.10429149999981746,0.0068008999987796415,[0.9807544587359049],"[0.2646227633464847, 0.5094350708727247, 0.5540772280713476, 0.5879187712953814, 0.3622447309116353, 0.39041853428429635]","[0.3131752125394173, 0.2991681328627156, 0.3240351169927007, 0.30223699649589075, 0.3052246713197619, 0.32316854597790823]","Gamma(3, 6) BoTorch MF",library,10,3
mfego MF,True,0.9092523606838658,0.42029823366345714,0.964,0.18676589999813586,0.006655999997747131,[0.9865753256545164],"[0.35414717381518596, 0.3539430665142211, 0.34753114945192615, 0.30231974177082144, 0.14656319980133342, 0.383144045215496]","[0.26151554636722874, 0.300789327442512, 0.27587666460887517, 0.3160058294295428, 0.31799838326897367, 0.32325455942986836]","Gamma(3, 6) BoTorch MF",library,10,4
mfego MF,True,0.8373845823958899,0.45559915675934043,0.9795,0.07108429999789223,0.007576500000141095,[1.0154594797871253],"[0.40563263469600697, 0.596849044331232, 0.3546015008978574, 0.32560974828647926, 0.352939366755605, 0.570406057018733]","[0.30877028846990184, 0.3483568815419792, 0.36908272834970407, 0.3523402561992593, 0.3277424861228852, 0.3252764097053755]","Gamma(3, 6) BoTorch MF",library,10,5
mfego MF,True,0.905713016219526,0.40437185225336186,0.9425,0.15073259999917354,0.010283899999194546,[1.0097770472299183],"[0.16305505079809335, 0.38305312269203345, 0.37450535540245133, 0.2873706176942047, 0.31393430903091335, 0.27253607753907616]","[0.35399854820524584, 0.2818693322440712, 0.3915482484163158, 0.2755512011980276, 0.35072443676394377, 0.3777918505379047]","Gamma(3, 6) BoTorch MF",library,10,6
mfego MF,True,1.0430946489411328,0.6916004691926967,0.984,0.09291839999787044,0.004647099998692283,[1.0021289106910631],"[0.417833472633874, 0.5680326932780119, 0.5403958042066039, 0.14279566882061637, 0.4031929227881337, 0.42263028630212646]","[0.2821554192951916, 0.3336349026705851, 0.3396193775095674, 0.339578654827138, 0.3232288874612, 0.32707612432782135]","Gamma(3, 6) BoTorch MF",library,10,7
mfego MF,True,1.0078770976207123,3.1662457011541503,0.8165,0.06717610000123386,0.006443999998737127,[0.9997031094698641],"[0.46420637179914526, 0.3094163791200626, 0.5476148205208304, 0.560440873880872, 0.39114614485541815, 0.5753651603330315]","[0.3596999083357091, 0.3323790761990581, 0.2590094947551683, 0.34473811892567796, 0.29651423546576106, 0.35204064086102344]","Gamma(3, 6) BoTorch MF",library,10,8
mfego MF,True,0.9611372069069978,0.5957779537998267,0.9105,0.11606320000282722,0.007435499999701278,[1.0058762054572623],"[0.2833268571541, 0.3775507092757403, 0.3954822045341029, 0.3428581905507357, 0.26497557884157324, 0.307625117268398]","[0.3547823982476873, 0.3279647518504608, 0.2645495300022691, 0.32378199326323404, 0.3668756074752191, 0.26960622670936774]","Gamma(3, 6) BoTorch MF",library,10,9
mfego MF,True,0.8670987990704632,0.8405864465213183,0.8805,0.1578321999986656,0.0189881999976933,[0.9783020225455931],"[0.49523608969569377, 0.2596301247973187, 0.5440778837063486, 0.4126618114698871, 0.34877914597488313, 0.3460628168570231]","[0.33733215104319136, 0.39436593054258573, 0.24027547699837531, 0.47802516000920203, 0.2910512587676373, 0.36075926795970675]","Gamma(3, 6) BoTorch MF",library,20,0
mfego MF,True,0.9303336385128599,0.9860614723980103,0.855,0.13414259999990463,0.022485899997263914,[0.9321206685756473],"[0.6139201809785424, 0.566744887549303, 0.4831995504888474, 0.3385329002222751, 0.3480540152612304, 0.18348873238884605]","[0.4811909705532996, 0.5313555364097072, 0.24858220758300978, 0.35007603859301467, 0.29057318065303217, 0.6780232937445315]","Gamma(3, 6) BoTorch MF",library,20,1
mfego MF,True,0.9394410055953131,1.5026253215235437,0.854,0.13075649999882444,0.01775400000042282,[1.0182702189588262],"[0.6078352365502357, 0.14106396685152117, 0.5341506982501678, 0.5875942813246277, 0.303020404057979, 0.6680193957130217]","[0.18106691633631689, 0.4695452541880596, 0.4391716718708737, 0.41047189473873197, 0.5000110446211415, 0.39038802485853996]","Gamma(3, 6) BoTorch MF",library,20,2
mfego MF,True,0.8303996704764459,0.8662429509880378,0.8875,0.1781848999999056,0.014304200001788558,[0.9639806091429574],"[0.678602791176199, 0.5354366231878888, 0.9140203525811776, 0.376560286187611, 0.2768051474936176, 0.2646535273264178]","[0.35139470436909376, 0.3648151490246293, 0.5307441475058071, 0.2693531664780047, 0.272849009388977, 0.5485535555452878]","Gamma(3, 6) BoTorch MF",library,20,3
mfego MF,True,0.9188761092006538,1.0885072638813333,0.865,0.16849120000188123,0.01471049999963725,[0.9659747382263273],"[0.2672888520065583, 0.2868583897942728, 0.69141395149272, 0.3562459000823833, 0.5785129584892613, 0.56130935240703]","[0.33466241663804586, 0.31902590753791216, 0.525439302935924, 0.4072474844986175, 0.3752235705396068, 0.16934105011525186]","Gamma(3, 6) BoTorch MF",library,20,4
mfego MF,True,0.9267133770339657,1.2858139031135813,0.853,0.19762640000044485,0.013170599999284605,[0.9840574328250067],"[0.3171130430851706, 0.2042336908779216, 0.5938032176281448, 0.2734142442917284, 0.14198032599120045, 0.4076862583329716]","[0.4284958873866835, 0.6058315660917452, 0.3279403864609379, 0.5369538591752596, 0.1618225317679778, 0.3902034318511738]","Gamma(3, 6) BoTorch MF",library,20,5
mfego MF,True,0.9700895040222904,4.353276302664839,0.785,0.14390170000115177,0.014442899999266956,[0.9761991016372649],"[0.4286771863714744, 0.14478355659801984, 0.3948719277033693, 0.4109942438729393, 0.3230628998214168, 0.33700658076818585]","[0.4399402369217295, 0.27323848086068164, 0.4440103630243865, 0.5309133952446984, 0.2495542679793217, 0.5507460180543151]","Gamma(3, 6) BoTorch MF",library,20,6
mfego MF,True,0.9337013201240671,0.5135913782986006,0.9125,0.13296420000187936,0.014871100000164006,[0.9751146413800696],"[0.4357121715682243, 0.4516571789284564, 0.4288422170739352, 0.2796179395858206, 0.6590146690100208, 0.1485872744494997]","[0.4507080286510259, 0.2682649986240096, 0.4288142408142182, 0.28333306275058606, 0.4363264634005896, 0.22650326386151243]","Gamma(3, 6) BoTorch MF",library,20,7
mfego MF,True,0.9118739133261349,0.39751307042697115,0.9595,0.15691250000236323,0.014154100001178449,[0.9826841926446483],"[0.42578928627991075, 0.5586228952404934, 0.7679867492056834, 0.41356015718222305, 0.5663718886065, 0.13981151250481724]","[0.29457787333664254, 0.24908628785087697, 0.36094234512526446, 0.3465304562723396, 0.2665701903974856, 0.24868018858759003]","Gamma(3, 6) BoTorch MF",library,20,8
mfego MF,True,0.8369985551644586,0.5894120856020562,0.9075,0.13369999999849824,0.010235300000204006,[0.9568451979343512],"[0.4018050527336103, 0.5302623239939663, 0.6311999780624639, 0.24101563531532844, 0.26509195915592826, 0.2405124354119928]","[0.3082691852358135, 0.38477605237112084, 0.32885154862741933, 0.3058523912943284, 0.44583985880289834, 0.4997315613948218]","Gamma(3, 6) BoTorch MF",library,20,9
mfego MF,True,0.7618702446497061,0.3445165765521898,0.916,0.3395321999996668,0.03281319999950938,[0.8795458316184713],"[0.14904274390328182, 0.22427570298535374, 0.7868470525893414, 0.23392078227089078, 0.4469585374005426, 0.7748611437252332]","[0.44350880414737726, 0.32089145598732843, 0.38554659103751027, 0.34900794866060686, 0.4396849636596478, 0.49310667028571753]","Gamma(3, 6) BoTorch MF",library,40,0
mfego MF,True,0.7823624996965022,0.257751442133732,0.9525,0.292345199999545,0.029622500002005836,[0.9273111635540474],"[0.27365892626182137, 0.6054924334224402, 0.23204046355478533, 0.11702623958102285, 0.3861529490059186, 0.5897553177373461]","[0.5537952992797195, 0.3160545851827163, 0.5450340316948731, 0.2550278437016978, 0.5972922004433634, 0.3411176348683639]","Gamma(3, 6) BoTorch MF",library,40,1
mfego MF,True,0.8896439570289889,2.012337057414286,0.8345,0.3313486000006378,0.028737699998600874,[0.9708513363429176],"[0.669698532541385, 0.18114004458918515, 0.5490523072750214, 0.4827542140811256, 0.8244372203652094, 0.21551171526375945]","[0.18578491155489837, 0.4074809969792863, 0.4898247561122498, 0.37399194645013495, 0.4846370116712787, 0.303472106957993]","Gamma(3, 6) BoTorch MF",library,40,2
mfego MF,True,0.7119748877016064,0.23934970080417356,0.9775,0.38471170000048005,0.03898499999922933,[0.9599403002014738],"[1.054081916983614, 0.33576621306847176, 0.7630771368194578, 0.09885773747952181, 0.31120713139040423, 0.8155797009193398]","[0.2504750942508468, 0.19609250440102763, 0.6161887445379032, 0.41527893824412243, 0.3059863542715688, 0.34784336399882904]","Gamma(3, 6) BoTorch MF",library,40,3
mfego MF,True,0.7823708824400025,0.6410629551120672,0.881,0.31479029999900376,0.02379069999733474,[0.9693278348466153],"[0.4255741767846128, 0.06835428355397415, 1.0288274950751641, 0.3392523983133, 0.35026034359128194, 0.5530691123163065]","[0.7402556877011514, 0.4219285918597079, 0.41238231247876894, 0.38928239123633485, 0.2162229969149042, 0.4581055980277037]","Gamma(3, 6) BoTorch MF",library,40,4
mfego MF,True,0.7215296988220666,0.4505671218559319,0.8965,0.23497609999685665,0.02945039999758592,[0.9250070448928914],"[0.9086809792321534, 0.1988347895414994, 0.344916668368082, 0.4890130913140045, 0.34092127494261376, 0.28121688211906315]","[0.3844559918178776, 0.365921565169687, 0.571663828936524, 0.42485916468920265, 0.3060846043244729, 0.44071235198427317]","Gamma(3, 6) BoTorch MF",library,40,5
mfego MF,True,0.7441553485739877,0.22037540057423627,0.9275,0.28665579999869806,0.03133019999950193,[0.9291669348410255],"[0.12869753329576547, 0.21383620033301248, 0.8426196379023594, 0.34954311291871903, 0.3673495379774499, 0.988230378876081]","[0.3822572926588099, 0.45579091420494505, 0.6349246583807114, 0.32218112193069, 0.22446773667265546, 0.47174280302566024]","Gamma(3, 6) BoTorch MF",library,40,6
mfego MF,True,0.9044755870211849,0.37305914006320495,0.9455,0.4262076999984856,0.018817399999534246,[1.0168162032635586],"[0.7966721992239022, 0.6830435585543866, 0.1575967042560498, 0.14111840393336023, 0.9807862918529833, 0.35633544122275745]","[0.12155190979184259, 0.1918832913542889, 0.5408556841067638, 0.3435951461762898, 0.5821995134047085, 0.47627078995637717]","Gamma(3, 6) BoTorch MF",library,40,7
mfego MF,True,0.9732876334710414,0.5571591588769945,0.9045,0.3941615000003367,0.019245299998146947,[0.9120791622485163],"[0.3671459584533014, 0.2522875383119056, 0.7346086656017737, 0.10578792355172613, 0.6355907966145408, 0.2951109506972566]","[0.14261521600077368, 0.7741043069498246, 0.32055502569510946, 0.40908833447090326, 0.28769991690426666, 0.706907116713905]","Gamma(3, 6) BoTorch MF",library,40,8
mfego MF,True,0.7403265719843883,0.5165975951624725,0.881,0.30311749999964377,0.026601500001561362,[0.9197236088339158],"[0.5961515644540354, 0.38356930388570554, 0.9655213685173366, 0.28087672047139733, 0.3119539178904383, 0.4107853628577654]","[0.2913067822742785, 0.29981982149051384, 0.6442077356052228, 0.40384195352901975, 0.34327267069034084, 0.5639528265190951]","Gamma(3, 6) BoTorch MF",library,40,9
mfego MF,True,1.0122128071607952,0.7981926044667282,0.8935,0.11049220000131754,0.002779099999315804,[1.023577853808522],"[0.5139492586355704, 2.007726295668796, 1.61158478855757, 1.7729474877438711, 0.6494690316409586, 0.5000136198692501]","[0.6534425247167571, 0.3125754856418044, 0.5344999287321163, 0.5385860752349728, 0.6963855990894886, 0.7425023274093799]","LogN(2.31, 1.73) BoTorch",library,5,0
mfego MF,True,1.0041337529573755,16.047160397194606,0.49,0.11772689999997965,0.002688799999305047,[0.9899058573177913],"[0.20801373873580742, 0.8548566646982622, 0.16498606038344996, 0.35023017520692745, 0.5774844325891852, 0.813734698081141]","[0.8599339574678131, 0.9229849665203267, 1.1838746138330767, 0.563542751585696, 1.3867440527733477, 0.36304539990252843]","LogN(2.31, 1.73) BoTorch",library,5,1
mfego MF,True,1.0442358211934133,5.0262524832363615,0.7705,0.13282949999847915,0.002843800000846386,[1.0004995238346952],"[0.30623672368779875, 1.2690728656832748, 0.8668495443621194, 1.115550367311083, 1.7165914165130427, 0.20812505486774016]","[0.35397418104308104, 0.4589214107423666, 0.3082878613847248, 0.47004164986148084, 0.43577404401306835, 0.4213253197099846]","LogN(2.31, 1.73) BoTorch",library,5,2
mfego MF,True,1.0302258525898544,1.355216435328502,0.818,0.1573588999999629,0.0027224999976169784,[0.9958678781908935],"[0.6420619696133008, 0.5152375344461902, 0.49978222107934384, 0.2285593982443442, 0.5745051269653987, 0.11375268147634594]","[0.48582358042174634, 0.767445118904505, 0.5109098161802484, 0.22024839203908486, 0.489287540146071, 0.5560762260439338]","LogN(2.31, 1.73) BoTorch",library,5,3
mfego MF,True,1.8729479845805859,1.1526922277835647,0.951,0.12739609999698587,0.0027542999996512663,[1.0857129551285716],"[1.784625910538218, 0.19072114730858725, 2.1965094763069306, 0.5520048162431971, 1.6024230837603664, 1.0086260713703268]","[0.719555203438876, 0.3883243671071236, 0.6132470512054728, 0.7088147842267136, 0.9669039630545991, 0.293166103362933]","LogN(2.31, 1.73) BoTorch",library,5,4
mfego MF,True,0.9559555967120505,7.59089775676478,0.691,0.11997709999923245,0.002928400001110276,[1.0029204655331234],"[0.32977095394548994, 0.8773214295714484, 0.39679677944439723, 1.177064515437448, 0.3737723086898151, 0.8613737267761749]","[1.2575397583957613, 1.2432954896714454, 0.7327871787865162, 0.8846872206586157, 0.42794899868570707, 0.8879186779316374]","LogN(2.31, 1.73) BoTorch",library,5,5
mfego MF,True,1.0036378062692217,0.5014544297794571,0.962,0.09664600000178325,0.002843000002030749,[0.9991702424735482],"[0.7272008939053868, 1.0171867021243404, 1.740877114270454, 1.9412489804037922, 0.17679631923944006, 2.1672614255349565]","[0.49699732503589344, 0.2506946124379587, 0.4571342847575948, 0.32927099998991527, 0.43815701824220427, 0.4491502513611714]","LogN(2.31, 1.73) BoTorch",library,5,6
mfego MF,True,1.0701263798937068,24.519191465437096,0.4185,0.1361548999993829,0.0027612999983830377,[0.9952154320200607],"[1.299838411785531, 0.9159017048307768, 0.17217490443636002, 0.8466994594815953, 0.31458059629443685, 0.47972979043588415]","[0.6889130811782275, 0.6304639241278032, 0.6201539336301625, 0.820548981565149, 0.22175648249398772, 0.674655648155657]","LogN(2.31, 1.73) BoTorch",library,5,7
mfego MF,True,1.0391801438912176,1.0473868726273101,0.8565,0.11599660000138101,0.002844799997546943,[1.0183020729507795],"[0.3075333097534436, 1.5360012891138644, 1.0027719161891135, 0.2956626788304169, 0.8750793077670357, 1.032967831272028]","[0.5997829543995474, 0.6113501112575833, 0.2957541239306946, 0.6444622821247217, 0.5575682258975411, 0.29956783993813596]","LogN(2.31, 1.73) BoTorch",library,5,8
mfego MF,True,1.0212186926999596,19.320773236899605,0.5365,0.1406678000021202,0.002789000001939712,[1.0086126557214228],"[0.23938272123253893, 0.37067757683172153, 1.002706023706932, 0.3048870330589276, 0.9761136891943193, 0.5730236131455794]","[0.6405953249130067, 1.219949529580505, 1.1977258341708348, 1.0930542765311637, 0.1769994911730582, 0.6076387880435601]","LogN(2.31, 1.73) BoTorch",library,5,9
mfego MF,True,0.9326147149554576,0.6199422444349253,0.8945,0.15911659999983385,0.006740400000126101,[0.9802285644207281],"[5.066767909281745, 4.5859375620584695, 7.450701727535404, 3.9192660873395964, 0.911029866906168, 0.11076965983576535]","[0.432308767654778, 0.6098401226427467, 0.7216617781882624, 0.28272869773187065, 0.11451960142539722, 0.523331987020255]","LogN(2.31, 1.73) BoTorch",library,10,0
mfego MF,True,0.972547266976099,1.1321844183685543,0.7875,0.1396204000011494,0.006449900000006892,[0.9959854842063764],"[1.1030327113423415, 0.17557323290510463, 0.28110124683700327, 0.4549541584184005, 0.2950798412513658, 1.0522558477335748]","[0.9018567930955086, 0.24257032193166958, 1.7288413531407019, 0.6484763702942937, 1.0603534655869191, 0.42570880722424426]","LogN(2.31, 1.73) BoTorch",library,10,1
mfego MF,True,0.9289805747858564,1.0358737162649256,0.853,0.13333200000124634,0.006447600000683451,[0.9966989871053221],"[0.4619319481074904, 2.43912138244453, 3.2962969490117273, 3.2388529275106293, 0.17108039326119107, 3.7786461731221554]","[0.13684923169975663, 1.081769917938036, 0.8563357506442812, 0.33354696564864345, 0.7640573768561324, 0.3800739849732429]","LogN(2.31, 1.73) BoTorch",library,10,2
mfego MF,True,0.8958792634712847,0.6595284358384313,0.89,0.1382417999993777,0.006412800001271535,[0.9891049285423942],"[0.24129674239842636, 2.183054671035749, 2.0307910112767376, 2.5477635140487855, 0.19830962081634496, 1.2316752486020495]","[0.3932128568111284, 0.505765793477562, 1.1950127206471812, 0.2687323058747606, 0.2050542347899897, 0.6317627340947864]","LogN(2.31, 1.73) BoTorch",library,10,3
mfego MF,True,1.073405292335247,0.5881360806351792,0.932,0.16846000000077765,0.006496099998912541,[1.0134468463885455],"[0.35134118012220816, 3.569310005065789, 0.15603414084934658, 4.1689145084538355, 4.777824389966906, 3.315172523303774]","[0.826651851851797, 0.5946130394893677, 0.132894768873309, 0.5011034957203904, 0.23665144282940492, 0.8984249286539442]","LogN(2.31, 1.73) BoTorch",library,10,4
mfego MF,True,1.353368134773371,1.2116885567077968,0.8285,0.06292670000038925,0.005638800001179334,[1.1982804634257358],"[0.7194785453721909, 1.7836440361239059, 0.3335123482862522, 0.3167878657094259, 0.297566668360374, 1.9060611170638935]","[0.3051157597330137, 1.704199531524603, 0.982308025302547, 1.4020955338562313, 0.36549442016626055, 1.2120167669997741]","LogN(2.31, 1.73) BoTorch",library,10,5
mfego MF,True,0.9528154492427935,0.8933925787379815,0.837,0.15421420000348007,0.006583399997907691,[1.042462304199604],"[0.1374482901062351, 1.2171445568480492, 0.9450139475019158, 0.3587418457682045, 0.8311106690625637, 0.1342710835562481]","[0.5954489172791378, 0.256878198672011, 1.4425307689918438, 0.2671455961607287, 1.130547573944389, 1.0140860146106505]","LogN(2.31, 1.73) BoTorch",library,10,6
mfego MF,True,1.6457169933960925,1.663147677368624,0.7845,0.1483842999987246,0.006559900000866037,[1.1633224516092995],"[0.643207277958315, 2.436684216520889, 2.039399388165045, 0.14490853573205842, 0.8549361069476128, 0.6304011907039202]","[0.24142764912395645, 2.1333034292146107, 1.9359052058583341, 2.0133686717352886, 1.4866413063886867, 0.3576206604231567]","LogN(2.31, 1.73) BoTorch",library,10,7
mfego MF,True,0.9763039227222629,12.398748435592555,0.6045,0.11225030000059633,0.00644569999712985,[1.0150893265288772],"[0.9160300691461082, 0.3458148922664299, 4.1569676226133705, 1.4324751500490418, 0.5509457849098207, 1.4661083453793347]","[1.9124323556531262, 1.1857529767563844, 0.42526040147734845, 1.0724890597148735, 0.21439758684717672, 1.7448726991681882]","LogN(2.31, 1.73) BoTorch",library,10,8
mfego MF,True,1.0282554905788588,1.4903291685281805,0.7985,0.13542380000217236,0.004335400000854861,[1.0448680229907585],"[0.18780849260991828, 2.1283021196180956, 2.1433819962944676, 2.0426715743050305, 0.22721441082876065, 2.0813278956838737]","[1.1197569098938327, 0.7506188270235216, 0.2785654155891293, 0.7543849835729448, 1.1207092994432952, 0.23399819377206557]","LogN(2.31, 1.73) BoTorch",library,10,9
mfego MF,True,1.0004169026154943,4.148812146357463,0.748,0.2085897999968438,0.014897499997459818,[0.9861766435155717],"[2.5417248696389656, 0.13394902405715628, 4.173390984622305, 3.085634582654478, 0.4931903806320157, 0.2010388076676032]","[0.22208247012002355, 1.7731815023468194, 0.0993011460145018, 1.494237462098531, 0.9884871116615378, 1.6861164681436596]","LogN(2.31, 1.73) BoTorch",library,20,0
mfego MF,True,1.001491020390948,2.0692538931063917,0.768,0.210481099999015,0.00929309999992256,[0.8999182738313151],"[4.067012786732327, 6.029216964401014, 0.5118572675884047, 0.33174671895233954, 2.759731272165519, 0.14733454596200676]","[0.6622143665984325, 1.1129530658875666, 0.24893862256264304, 0.3862404457459382, 0.2879676443134019, 1.7723687380743114]","LogN(2.31, 1.73) BoTorch",library,20,1
mfego MF,True,0.9764910778497137,4.873734484031011,0.654,0.18652690000089933,0.01763820000269334,[1.0426826539513734],"[2.63471861002768, 0.13916622679546983, 0.6786412914078683, 1.8545260955931073, 0.39356301655044545, 0.8788147125266655]","[0.1838750886730216, 1.2145258540906918, 0.7374131673618664, 0.633033923437922, 1.974696312604709, 0.5708757088153816]","LogN(2.31, 1.73) BoTorch",library,20,2
mfego MF,True,0.9010400774918121,3.8182499790457,0.7175,0.20349139999962063,0.018836100000044098,[0.9447678517304288],"[3.0130314148259214, 0.39871552137231536, 5.0443700537578975, 0.14629805739074475, 0.37519270965915896, 2.312957803202539]","[2.066246636975502, 2.3596241888894274, 0.5774659516024491, 0.2744689514557023, 0.21555518802054596, 1.911056060633971]","LogN(2.31, 1.73) BoTorch",library,20,3
mfego MF,True,1.007519737929619,5.519950121050195,0.7015,0.16733810000005178,0.009690899998531677,[1.0089398924442834],"[0.2675542907583668, 0.29697440916781165, 2.859549826539777, 0.3974731636298393, 3.4700148308531285, 0.835816463709083]","[0.2651302642353454, 0.1347170142267243, 1.932160442759434, 1.459261513712585, 0.962409467223239, 2.1057361521032094]","LogN(2.31, 1.73) BoTorch",library,20,4
mfego MF,True,1.0395267419447538,8.07760792168481,0.6615,0.21828090000053635,0.011058399999456014,[1.0068404896662444],"[0.9670852098449957, 2.5977864858190833, 0.3768621358931915, 0.3801806660093977, 0.07092011565548871, 1.5591239265665322]","[2.444849077168323, 2.1564509499012274, 0.2786720728158949, 1.8562632796331993, 0.10758794414712992, 1.9120822751523427]","LogN(2.31, 1.73) BoTorch",library,20,5
mfego MF,True,0.9777948427757549,10.355479289365777,0.6565,0.22288929999922402,0.01810750000004191,[0.969466667582941],"[1.0058971273498045, 0.13471582301428447, 0.5869148099278844, 0.47543613652683875, 0.22847584701124407, 0.30247686524579054]","[0.4376970149529274, 0.27451101222067287, 1.202288438125619, 1.179053000341795, 0.22450353437960455, 1.5937623975962303]","LogN(2.31, 1.73) BoTorch",library,20,6
mfego MF,True,1.2102625380808332,9.836971352940644,0.564,0.23898040000131004,0.012524099998699967,[1.0088791007597684],"[0.5222277164503638, 0.641494569868593, 0.5835672066747345, 0.25794968050065303, 1.6395189337714422, 0.1373043673530134]","[2.3214846641463605, 1.8285042609244833, 2.7474242673043867, 2.4614549869631563, 2.077742297109907, 0.049662134138648804]","LogN(2.31, 1.73) BoTorch",library,20,7
mfego MF,True,1.0432557986906,0.7065357968948492,0.866,0.17858889999843086,0.009401200000866083,[0.9998383878590291],"[0.6276214957593725, 0.9050596151724232, 2.957340516036092, 0.4198980315787623, 1.1072780514549259, 0.13003440408019726]","[1.4610735735063805, 0.2902318130752435, 1.608413750439204, 1.4494002155427173, 0.3266650344024477, 0.15063074193483816]","LogN(2.31, 1.73) BoTorch",library,20,8
mfego MF,True,0.9095168630927316,1.1568483335059057,0.8445,0.19268499999816413,0.009949200000846758,[0.9770480951255947],"[1.6958407488594012, 0.49220448587291693, 2.125781300122095, 0.12128829881926113, 1.98068468459416, 0.1411712909592336]","[0.34743417377933833, 1.1684860841107096, 0.2611629933639847, 0.28809685403991325, 0.7889332919475913, 0.5743992579070658]","LogN(2.31, 1.73) BoTorch",library,20,9
mfego MF,True,0.8023490650397029,0.48639148289211603,0.8965,0.2536502000002656,0.01615010000023176,[0.8731046982635983],"[0.14094635444971446, 0.2020384786413841, 2.5246961172914117, 0.25497801812874527, 0.3132708249202558, 3.542251983395583]","[0.576102345919041, 0.3309901639349461, 0.40173543776456444, 0.34766357917495316, 0.5209456341437662, 0.5057125184510203]","LogN(2.31, 1.73) BoTorch",library,40,0
mfego MF,True,0.9830879245531131,0.7381038900622786,0.8475,0.34856349999972736,0.02554479999889736,[0.9684738523438104],"[0.2629230573401851, 1.4033826035124004, 0.23402396790939897, 0.11101721227353738, 0.4059711984758357, 0.8910105280399916]","[1.7206467596920014, 0.3205890681392732, 2.5097011333476194, 0.21168624531740068, 0.9431060134462669, 0.4189186593105318]","LogN(2.31, 1.73) BoTorch",library,40,1
mfego MF,True,0.9038343875896072,3.3760470418323343,0.773,0.272005499999068,0.01584530000036466,[0.9664715678311738],"[1.398077086903701, 0.2604693368367228, 0.6582856992883954, 0.9452682273504114, 1.3531748232353489, 0.17221633550346216]","[0.14717469811971987, 0.41058229804309576, 2.2234733386974908, 0.38988077416721667, 0.9683697787495191, 0.3456648057428812]","LogN(2.31, 1.73) BoTorch",library,40,2
mfego MF,True,0.9459086001755395,0.5025514867863907,0.909,0.4489498000002641,0.015358399999968242,[0.9765893111713595],"[4.822415626496873, 0.3397795250989227, 1.5577987886139923, 0.08783633591023572, 0.29428010250905134, 3.9818316551058026]","[0.22730488223294407, 0.11527718698882874, 1.60580393823737, 1.345236842660882, 0.5077405997846282, 0.4151972389900353]","LogN(2.31, 1.73) BoTorch",library,40,3
mfego MF,True,0.7802700778251142,1.120323260216464,0.84,0.27649850000307197,0.016134600002260413,[0.9923934438615563],"[0.43970738029278844, 0.07121199980216632, 3.865593500410004, 0.3675681335053375, 0.3829352102065153, 0.6668328146397644]","[2.748038459099016, 0.30965113417459644, 1.9477810285222494, 0.21429528615557206, 0.23968789821794728, 0.4576091932780601]","LogN(2.31, 1.73) BoTorch",library,40,4
mfego MF,True,0.8423860265806518,1.6937781090209867,0.7975,0.2730583000011393,0.017208600002049934,[0.9431697513428363],"[4.182052497853332, 0.2078785787181033, 0.36396979318656975, 0.4638924982359852, 0.38760844935755323, 0.28377471030391277]","[0.31354905189136506, 0.30460306489474515, 0.6908982803557163, 2.5928234512788255, 0.33692302527639845, 0.5672494468788003]","LogN(2.31, 1.73) BoTorch",library,40,5
mfego MF,True,0.7814590137564905,0.4062787814204551,0.895,0.2719154000005801,0.024372799998673145,[0.9112400474568105],"[0.1633529037714748, 2.8282409737314596, 4.483118765646622, 0.3582430169002316, 0.25554716820303436, 0.47859864952184]","[0.39470176564011117, 0.4509365611079326, 0.8294924614530753, 0.35024067133876774, 0.21911465819899964, 0.7725312765748356]","LogN(2.31, 1.73) BoTorch",library,40,6
mfego MF,True,0.9235806424783469,0.5785311591980635,0.899,0.4086134999997739,0.014894600000843639,[0.9784348698135422],"[0.030960701801590027, 3.878460380652307, 4.1416159816892355, 4.70819903767445, 0.1569807573484403, 4.042012346767669]","[0.18187788385498774, 0.7165537780394762, 1.9042778161452867, 0.27548001027149377, 1.8774435237368376, 0.20987728993715052]","LogN(2.31, 1.73) BoTorch",library,40,7
mfego MF,True,1.120730405651316,1.2338223010570901,0.846,0.4257500000021537,0.014425299999857089,[0.9124577436021127],"[0.37811118774966346, 0.23502811561487108, 1.2638959163870902, 0.10644668972454654, 2.3586502101192117, 0.32362199856268203]","[0.13457539735687704, 3.021678459798051, 0.3076487357002376, 0.5646496808876471, 0.2947079745546714, 1.9345574394425449]","LogN(2.31, 1.73) BoTorch",library,40,8
mfego MF,True,0.8096766012063376,1.036428346859006,0.8165,0.3007123000024876,0.025453500002186047,[0.913075052554129],"[0.710752602930026, 0.4316542314633853, 3.7207758246437512, 0.2810129881813986, 0.31949491823351095, 0.45210458183974944]","[0.27364518039421853, 0.2662272000504529, 0.8731258301207366, 0.4094694035205453, 0.4195128850402053, 1.164931240680526]","LogN(2.31, 1.73) BoTorch",library,40,9
